Subject,key,rep1,rep2,rep_subject_1,rep_subject_2,Reason,which_rep,called_vaf,pileup_vaf,igv_vaf,average_depth_1,average_depth_2
310684577,chr2 25241570 G>A,0.010929667,0.011826667,X310684577,Y310684577,Passed,"",,,,10444,13789.66667
310684577,chr4 105236342 T>TA,0.0062065,0.00593,X310684577,Y310684577,Passed,"",,,,41416,53107
311787416,chr2 25240438 C>T,0.0012,0.0013,X311787416,Y311787416,Failed PoN Test,rep1,0.0012,0.00129795,0.001237212,22554,21015
311787416,chr4 105235992 C>T,9e-04,0.0012,X311787416,Y311787416,VAF < 0.001,rep1,9e-04,0.000945448,0.001015041,17089,21674
314431660,chr17 7674227 T>G,0.001,8e-04,X314431660,Y314431660,VAF < 0.001,rep2,8e-04,0.000742887,0.000735565,17067,21674
314938756,chr2 25240420 T>C,0.006099333,0.006010333,X314938756,Y314938756,Passed,"",,,,18865,20306
315514685,chr17 60663262 CA>C,0.0022,0.0060865,X315514685,Y315514685,Failed PoN Test,rep1,0.0022,0.0021352,0.00209444,21008,24777.5
315514685,chr22 28696945 C>A,0.001,6e-04,X315514685,Y315514685,VAF < 0.001,rep2,6e-04,0.000583571,0.000574014,17921,29616
315518608,chr2 25240312 C>T,0.007367333,0.007994,X315518608,Y315518608,Passed,"",,,,17664.33333,17097.66667
315518608,chr2 25240718 C>T,0.0021,0.002,X315518608,Y315518608,Passed,"",,,,14866,12971
315518608,chr2 25244203 C>T,0.002933333,0.003131,X315518608,Y315518608,Passed,"",,,,13372,10232.5
315533694,chr2 25240361 A>C,0.001,0.000695467,X315533694,Y315533694,Multiallelic,rep2,0,0.000695467,0.000656143,20588,25909
315533694,chr2 25239147 GT>G,0.000992,0.0015015,X315533694,Y315533694,Passed,"",,,,22642,27182
315533694,chr2 25243931 G>A,7e-04,0.0017,X315533694,Y315533694,VAF < 0.001,rep1,7e-04,0.000734368,0.000727197,19252,22493
316814737,chr17 60663262 CA>C,0.002,0.0053,X316814737,Y316814737,Failed PoN Test,rep1,0.002,0.00240761,0.002364718,19327,25373
317035469,chr2 25234307 G>A,0.004946,0.005331667,X317035469,Y317035469,Passed,"",,,,12308,18934.66667
317035469,chr2 25239149 T>A,0.0014,7e-04,X317035469,Y317035469,VAF < 0.001,rep2,7e-04,0.000795342,0.000874891,18912,32004
317035469,chr4 105276049 TG>T,0.0022445,0.002245,X317035469,Y317035469,Passed,"",,,,11227.5,16773
319005989,chr17 60663008 AT>A,0.000989,0.0012855,X319005989,Y319005989,VAF < 0.001,rep1,0.000989,0.000988862,0.000976211,19463,18090.5
319005989,chr2 25240313 G>A,0.0014,9e-04,X319005989,Y319005989,VAF < 0.001,rep2,9e-04,0.00108865,0.00107839,18095,21328
319005989,chr2 25243930 C>A,0.0015,0.0016,X319005989,Y319005989,Passed,"",,,,20253,21220
A,chr17 60663254 TCATGGACC>CA,0.0011,9e-04,CHPII27,CHPII35,VAF < 0.001,rep2,9e-04,9e-04,9e-04,22094,20216
A,chr20 32434599 TCACCACTGCCATAGAGAGGCGGC>T,0.0012555,0.001021,CHPII27,CHPII35,Passed,"",,,,31981,31076
A,chr17 7674262 T>C,0.005860599,0.005722991,CHPII27,CHPII35,Passed,"",,,,15669,15661
A,chr17 60663004 G>T,0.011917174,0.012874035,CHPII27,CHPII35,Passed,"",,,,16631,14781
A,chr2 25246041 G>A,0.002581845,0.003328204,CHPII27,CHPII35,Passed,"",,,,13939,14742
A,chr17 76736877 G>T,0.006411,0.008026896,CHPII27,CHPII35,Passed,"",,,,16585,16190
A,chr20 32434493 G>AA,0.0014,0.0015,CHPII27,CHPII35,Passed,"",,,,17020,17632
A,chr22 28694087 AC>A,0.002145,0.001012,CHPII27,CHPII35,Passed,"",,,,19390,18714
C,chr4 105241385 AGCAGGTCCTAATGTGGCAGCTAT>A,0.001987667,0.002504107,CHPII30,CHPII37,Passed,"",,,,27543,24851
C,chr2 25240439 G>A,0.002427962,0.0022,CHPII30,CHPII37,Passed,"",,,,26288,22733
C,chr4 105241402 C>T,0.0015,0.0011,CHPII30,CHPII37,Passed,"",,,,27740,24816
D,chr17 60663388 C>T,0.0013,0.0014,CHPII02,CHPII06,Passed,"",,,,27052,24755
D,chr4 105269662 G>T,0.0022,0.0021,CHPII02,CHPII06,Passed,"",,,,12988,12073
F,chr20 32434638 A>AG,0.015747667,0.015901667,CHPII10,CHPII07,Passed,"",,,,31889,37520
H,chr2 25246214 TC>T,0.002152,0.0032,CHPII18,CHPII23,Detected,"",,,,10634,9840
I,chr4 105276244 C>T,0.00245204,0.002446509,CHPII22,CHPII39,Passed,"",,,,24175,21250
N,chr20 32434638 A>AG,0.0135,0.017123667,CHPII08,CHPII15,Failed PoN Test,"",,,,22314,37125
N,chr4 105236679 C>T,0.016749089,0.019917418,CHPII08,CHPII15,Passed,"",,,,14519,23936
N,chr4 105272591 C>T,0.022116278,0.016868412,CHPII08,CHPII15,Passed,"",,,,11547,19955
O,chr17 7675200 C>T,0.006423,0.006642,CHPII01,CHPII33,Passed,"",,,,18846,17729
O,chr4 105235572 C>T,6e-04,0.0011,CHPII01,CHPII33,VAF < 0.001,rep1,6e-04,0.00059828,0.00059046,52501,44913
O,chr4 105237274 TA>T,0.01368049,0.013837368,CHPII01,CHPII33,Passed,"",,,,38478,34726
O,chr2 25239214 GACT>G,0.001878883,0.001522,CHPII01,CHPII33,Passed,"",,,,28057,24387
O,chr4 105236190 AT>A,0.001966723,0.0023965,CHPII01,CHPII33,Passed,"",,,,25464,22568
O,chr17 7675200 CC>TG,0.006481803,0.006756168,CHPII01,CHPII33,Passed,"",,,,18846,17729
O,chr17 7673796 C>T,0.003838435,0.003292,CHPII01,CHPII33,Passed,"",,,,21415,20024
O,chr2 197402745 T>C,0.004044983,0.003972,CHPII01,CHPII33,Passed,"",,,,36706,31324
S,chr2 25247052 T>G,0.014491576,0.012365333,CHPII16,CHPII38,Passed,"",,,,23642,16953
U,chr2 25243928 C>T,0.003956667,0.004003,CHPII03,CHPII25,Detected,"",,,,27058,11718
