deid_key,DeID,key,Gene,Trilaciclib,all_time_points,prepreVAF,preVAF,duringVAF,postVAF,postpostVAF,rescued,missing,called,at_limit,preAge,duringAge,postAge,postpostAge,in_cohort,DDR,Splice,DTA,Gene_Class,change_in_days,growth_rate,change_in_VAF,compare_group
1163006 chr17:7669644:GT:G,1163006,chr17:7669644:GT:G,TP53,Placebo,false,0,0.0029,0.0032,0.0049,0.0026,false,false,true,false,52,52.4,53.0874316939891,53.2540983606558,TRUE,DDR,Non-Splice,Non-DTA,DDR,146.099999999999,0.000673785577092766,0.002,C1D1vsC7D1
1156003 chr17:7669644:GT:G,1156003,chr17:7669644:GT:G,TP53,Trilaciclib,false,0,0.0049,0,0.0023,0.0024,false,false,true,false,53,,53.2841530054645,53.4508196721312,TRUE,DDR,Non-Splice,Non-DTA,DDR,103.786885245902,-0.0072872991649139,-0.0026,C1D1vsMaintenance
1163006 chr17:7669672:CT:C,1163006,chr17:7669672:CT:C,TP53,Placebo,false,0,0.00018628912071535,0.000981,0.0021,0.0006975,false,true,true,false,52,52.4,53.0874316939891,53.2540983606558,TRUE,DDR,Non-Splice,Non-DTA,DDR,146.099999999999,0.011370791103714,0.00191371087928465,C1D1vsC7D1
1156003 chr17:7669672:CT:C,1156003,chr17:7669672:CT:C,TP53,Trilaciclib,false,0,0.0020885,0,8e-04,7e-04,false,false,true,false,53,,53.2841530054645,53.4508196721312,TRUE,DDR,Non-Splice,Non-DTA,DDR,103.786885245902,-0.00924576986770292,-0.0012885,C1D1vsMaintenance
1131004 chr17:7670700:G:A,1131004,chr17:7670700:G:A,TP53,Trilaciclib,true,0,0.00273233333333333,0,0.0105003333333333,0.0119636666666667,false,false,false,false,68,,68.2841530054645,68.4508196721312,TRUE,DDR,Non-Splice,Non-DTA,DDR,103.7868852459,0.0129713022459332,0.00776799999999997,C1D1vsMaintenance
1164001 chr17:7673579:G:A,1164001,chr17:7673579:G:A,TP53,Trilaciclib,true,0,0.001,0.0014995,0.001292,0.0022245,false,false,false,false,69,69.4,69.3989071038251,69.5655737704918,TRUE,DDR,Non-Splice,Non-DTA,DDR,146.100000000002,0.00277297549080712,0.000292,C1D1vsC7D1
1123005 chr17:7673581:G:A,1123005,chr17:7673581:G:A,TP53,Placebo,false,0,0.000178102,0.0012,3e-04,0,false,false,true,true,54,54.4,54.5765027322404,,TRUE,DDR,Non-Splice,Non-DTA,DDR,146.099999999999,0.0130576346057308,0.000121898,C1D1vsC7D1
1165001 chr17:7673751:C:CGG,1165001,chr17:7673751:C:CGG,TP53,Trilaciclib,false,0,5.1443e-05,0.000519931,0.000691419,0.00160286,true,false,false,false,67,67.4,67.8579234972678,68.0245901639344,TRUE,DDR,Non-Splice,Non-DTA,DDR,146.100000000002,0.0158331397115763,0.000639976,C1D1vsC7D1
1116001 chr17:7673760:T:A,1116001,chr17:7673760:T:A,TP53,Trilaciclib,false,0,0.00059805,0.000124131,0.001,0,false,false,false,true,66,66.4,66.6912568306011,,TRUE,DDR,Non-Splice,Non-DTA,DDR,146.100000000002,-0.010762059568308,0.00040195,C1D1vsC7D1
1156004 chr17:7673766:T:A,1156004,chr17:7673766:T:A,TP53,Trilaciclib,false,0,0.000185062,0.000141789,0.00141682,0.000730709,true,false,false,true,51,51.4,51.6284153005465,51.7950819672131,TRUE,DDR,Non-Splice,Non-DTA,DDR,146.099999999999,-0.00182307232735917,0.001231758,C1D1vsC7D1
1137001 chr17:7673776:G:A,1137001,chr17:7673776:G:A,TP53,Placebo,false,0,0.0012,7e-04,8e-04,0.0041145,false,false,true,false,86,86.4,86.6284153005465,86.7950819672131,TRUE,DDR,Non-Splice,Non-DTA,DDR,146.100000000002,-0.00368922998448104,-4e-04,C1D1vsC7D1
1133002 chr17:7673781:C:T,1133002,chr17:7673781:C:T,TP53,Trilaciclib,true,0,8e-04,0.0025095,0.001351,0.003557,false,false,false,false,66,66.4,66.8579234972678,67.0245901639344,TRUE,DDR,Non-Splice,Non-DTA,DDR,146.100000000002,0.00782496291188943,0.000551,C1D1vsC7D1
1156004 chr17:7673790:C:T,1156004,chr17:7673790:C:T,TP53,Trilaciclib,false,0,3e-04,3e-04,0.0015695,0.00228,false,false,true,false,51,51.4,51.6284153005465,51.7950819672131,TRUE,DDR,Non-Splice,Non-DTA,DDR,146.099999999999,0,0.0012695,C1D1vsC7D1
1148001 chr17:7673790:C:T,1148001,chr17:7673790:C:T,TP53,Trilaciclib,false,0,3e-04,0.001203,0.0028465,0.0024415,false,false,true,false,74,74.4,74.7431693989071,74.9098360655738,TRUE,DDR,Non-Splice,Non-DTA,DDR,146.100000000002,0.00950575798301477,0.0025465,C1D1vsC7D1
1164001 chr17:7673802:C:T,1164001,chr17:7673802:C:T,TP53,Trilaciclib,false,0,6e-04,0.0044515,0.0071385,0.0058385,false,false,true,false,69,69.4,69.3989071038251,69.5655737704918,TRUE,DDR,Non-Splice,Non-DTA,DDR,146.100000000002,0.0137170892662392,0.0065385,C1D1vsC7D1
1117002 chr17:7673802:C:T,1117002,chr17:7673802:C:T,TP53,Trilaciclib,true,0,0.001594,0.0026975,0,0,false,false,false,false,72,72.4,,,TRUE,DDR,Non-Splice,Non-DTA,DDR,146.100000000002,0.00360081340028831,0.0011035,C1D1vsC7D1
1123005 chr17:7673802:C:T,1123005,chr17:7673802:C:T,TP53,Placebo,false,0,3e-04,0.0021385,0.001,0,false,false,true,false,54,54.4,54.5765027322404,,TRUE,DDR,Non-Splice,Non-DTA,DDR,146.099999999999,0.0134433775017849,7e-04,C1D1vsC7D1
1111005 chr17:7673826:A:G,1111005,chr17:7673826:A:G,TP53,Placebo,true,0,0.0011,0.0049415,0.025547,0,false,false,false,false,48,48.4,48.8060109289618,,TRUE,DDR,Non-Splice,Non-DTA,DDR,146.099999999999,0.010283085208965,0.024447,C1D1vsC7D1
1137001 chr17:7673835:C:A,1137001,chr17:7673835:C:A,TP53,Placebo,false,0,3.35412893271617e-05,3e-04,0.0014,0.0011,false,true,false,false,86,86.4,86.6284153005465,86.7950819672131,TRUE,DDR,Non-Splice,Non-DTA,DDR,146.100000000002,0.0149966138091874,0.00136645871067284,C1D1vsC7D1
1114002 chr17:7674200:T:C,1114002,chr17:7674200:T:C,TP53,Placebo,false,0,7e-04,0.0015385,0,0,false,false,true,false,72,72.4,,,TRUE,DDR,Non-Splice,Non-DTA,DDR,146.100000000002,0.00539002641833457,0.0008385,C1D1vsC7D1
1165001 chr17:7674221:G:A,1165001,chr17:7674221:G:A,TP53,Trilaciclib,false,0,5e-04,0.011,0.0067225,0.008833,false,false,true,false,67,67.4,67.8579234972678,68.0245901639344,TRUE,DDR,Non-Splice,Non-DTA,DDR,146.100000000002,0.0211570325349642,0.0062225,C1D1vsC7D1
1117004 chr17:7674221:G:A,1117004,chr17:7674221:G:A,TP53,Trilaciclib,false,0,0.000361664,0.001051,8e-04,0,false,false,false,true,64,64.4,64.4617486338798,,TRUE,DDR,Non-Splice,Non-DTA,DDR,146.100000000002,0.00730172325030498,0.000438336,C1D1vsC7D1
1163006 chr17:7674221:G:A,1163006,chr17:7674221:G:A,TP53,Placebo,false,0,0.000814332,0.001603,0.0033925,4e-04,false,false,true,true,52,52.4,53.0874316939891,53.2540983606558,TRUE,DDR,Non-Splice,Non-DTA,DDR,146.099999999999,0.00463561948906513,0.002578168,C1D1vsC7D1
1117002 chr17:7674229:C:A,1117002,chr17:7674229:C:A,TP53,Trilaciclib,true,0,3e-04,0.0012255,0,0,false,false,false,false,72,72.4,,,TRUE,DDR,Non-Splice,Non-DTA,DDR,146.100000000002,0.00963259225401743,0.0009255,C1D1vsC7D1
1148001 chr17:7674230:C:A,1148001,chr17:7674230:C:A,TP53,Trilaciclib,false,0,0.000198515,7e-04,0.001211,0.000906,false,false,false,true,74,74.4,74.7431693989071,74.9098360655738,TRUE,DDR,Non-Splice,Non-DTA,DDR,146.100000000002,0.00862570616714945,0.001012485,C1D1vsC7D1
1156004 chr17:7674230:C:T,1156004,chr17:7674230:C:T,TP53,Trilaciclib,false,0,6e-04,8e-04,0.0016135,0.001739,false,false,true,false,51,51.4,51.6284153005465,51.7950819672131,TRUE,DDR,Non-Splice,Non-DTA,DDR,146.099999999999,0.00196907647126476,0.0010135,C1D1vsC7D1
1131004 chr17:7674233:C:T,1131004,chr17:7674233:C:T,TP53,Trilaciclib,true,0,9e-04,0,0.0022565,0.0018595,false,false,false,false,68,,68.2841530054645,68.4508196721312,TRUE,DDR,Non-Splice,Non-DTA,DDR,103.7868852459,0.00885637384497056,0.0013565,C1D1vsMaintenance
1114002 chr17:7674242:A:G,1114002,chr17:7674242:A:G,TP53,Placebo,false,0,4e-04,0.001931,0,0,false,false,true,false,72,72.4,,,TRUE,DDR,Non-Splice,Non-DTA,DDR,146.100000000002,0.0107756929180049,0.001531,C1D1vsC7D1
1131011 chr17:7674245:T:C,1131011,chr17:7674245:T:C,TP53,Trilaciclib,false,0,0.001,0.0024515,0.002133,0,false,false,true,false,59,59.4,60.0355191256831,,TRUE,DDR,Non-Splice,Non-DTA,DDR,146.099999999999,0.00613757756405992,0.001133,C1D1vsC7D1
1128002 chr17:7674250:C:T,1128002,chr17:7674250:C:T,TP53,Trilaciclib,false,0,3e-04,0,0.001178,0,false,false,true,false,64,,64.6333333333334,,TRUE,DDR,Non-Splice,Non-DTA,DDR,231.325000000002,0.0059128537320018,0.000878,C1D1vsMaintenance
1117002 chr17:7674250:C:T,1117002,chr17:7674250:C:T,TP53,Trilaciclib,false,0,3e-04,0.0019765,0,0,false,false,true,false,72,72.4,,,TRUE,DDR,Non-Splice,Non-DTA,DDR,146.100000000002,0.0129041780156093,0.0016765,C1D1vsC7D1
1156004 chr17:7674859:C:T,1156004,chr17:7674859:C:T,TP53,Trilaciclib,false,0,4e-04,9e-04,0.00147666666666667,0.00194566666666667,false,false,true,false,51,51.4,51.6284153005465,51.7950819672131,TRUE,DDR,Non-Splice,Non-DTA,DDR,146.099999999999,0.00555051482694272,0.00107666666666667,C1D1vsC7D1
1131004 chr17:7674872:T:C,1131004,chr17:7674872:T:C,TP53,Trilaciclib,false,0,9e-04,0,0.0014,0.0020535,false,false,true,false,68,,68.2841530054645,68.4508196721312,TRUE,DDR,Non-Splice,Non-DTA,DDR,103.7868852459,0.00425711544606254,5e-04,C1D1vsMaintenance
1137001 chr17:7674872:T:C,1137001,chr17:7674872:T:C,TP53,Placebo,false,0,4e-04,0.0011,0.0025385,0.001687,false,false,true,false,86,86.4,86.6284153005465,86.7950819672131,TRUE,DDR,Non-Splice,Non-DTA,DDR,146.100000000002,0.0069240308807561,0.0021385,C1D1vsC7D1
1117002 chr17:7674872:T:C,1117002,chr17:7674872:T:C,TP53,Trilaciclib,false,0,5e-04,0.002187,0,0,false,false,true,false,72,72.4,,,TRUE,DDR,Non-Splice,Non-DTA,DDR,146.100000000002,0.0101004649024952,0.001687,C1D1vsC7D1
1123005 chr17:7674872:T:C,1123005,chr17:7674872:T:C,TP53,Placebo,false,0,4e-04,0.002222,0.00128738,0,false,false,true,true,54,54.4,54.5765027322404,,TRUE,DDR,Non-Splice,Non-DTA,DDR,146.099999999999,0.0117364710683888,0.00088738,C1D1vsC7D1
1131004 chr17:7674885:C:T,1131004,chr17:7674885:C:T,TP53,Trilaciclib,true,0,0.001633,0,0.0015,6e-04,false,false,false,false,68,,68.2841530054645,68.4508196721312,TRUE,DDR,Non-Splice,Non-DTA,DDR,103.7868852459,-0.000818539892385103,-0.000133,C1D1vsMaintenance
1131004 chr17:7674890:T:C,1131004,chr17:7674890:T:C,TP53,Trilaciclib,true,0,0.010018,0,0.0269576666666667,0.0280333333333333,false,false,false,false,68,,68.2841530054645,68.4508196721312,TRUE,DDR,Non-Splice,Non-DTA,DDR,103.7868852459,0.0095376622686535,0.0169396666666667,C1D1vsMaintenance
1156001 chr17:7674948:T:C,1156001,chr17:7674948:T:C,TP53,Placebo,false,0,5e-04,0.0013,9e-04,3e-04,false,false,true,false,51,51.4,51.5136612021858,51.6803278688525,TRUE,DDR,Non-Splice,Non-DTA,DDR,146.099999999999,0.00654011940470527,4e-04,C1D1vsC7D1
1156004 chr17:7674948:T:C,1156004,chr17:7674948:T:C,TP53,Trilaciclib,false,0,0.0013,7e-04,4e-04,9e-04,false,false,true,false,51,51.4,51.6284153005465,51.7950819672131,TRUE,DDR,Non-Splice,Non-DTA,DDR,146.099999999999,-0.00423709246000155,-9e-04,C1D1vsC7D1
1164001 chr17:7675076:T:C,1164001,chr17:7675076:T:C,TP53,Trilaciclib,false,0,6e-04,0.0017585,0.002252,0.0018985,false,false,true,false,69,69.4,69.3989071038251,69.5655737704918,TRUE,DDR,Non-Splice,Non-DTA,DDR,146.100000000002,0.00735993700683009,0.001652,C1D1vsC7D1
1111001 chr17:7675076:T:C,1111001,chr17:7675076:T:C,TP53,Trilaciclib,false,0,7e-04,0.00242233333333333,0.002948,0,false,false,true,false,47,47.4,47.4617486338798,,TRUE,DDR,Non-Splice,Non-DTA,DDR,146.099999999999,0.00849696240181468,0.002248,C1D1vsC7D1
1133002 chr17:7675076:T:C,1133002,chr17:7675076:T:C,TP53,Trilaciclib,false,0,0.0018,8e-04,4e-04,0.000318302,false,false,true,true,66,66.4,66.8579234972678,67.0245901639344,TRUE,DDR,Non-Splice,Non-DTA,DDR,146.100000000002,-0.00555051482694262,-0.0014,C1D1vsC7D1
1111004 chr17:7675082:G:C,1111004,chr17:7675082:G:C,TP53,Trilaciclib,false,0,0.000162417,0.001,0.003141,0,false,false,false,true,48,48.4,48.5765027322404,,TRUE,DDR,Non-Splice,Non-DTA,DDR,146.099999999999,0.0124407130522256,0.002978583,C1D1vsC7D1
1131004 chr17:7675082:G:T,1131004,chr17:7675082:G:T,TP53,Trilaciclib,false,0,0.0014,0,4e-04,0.0013,false,false,true,false,68,,68.2841530054645,68.4508196721312,TRUE,DDR,Non-Splice,Non-DTA,DDR,103.7868852459,-0.012070532471682,-0.001,C1D1vsMaintenance
1133002 chr17:7675086:A:G,1133002,chr17:7675086:A:G,TP53,Trilaciclib,true,0,0.0013,0.0013,0.0017005,0.0015,false,false,false,false,66,66.4,66.8579234972678,67.0245901639344,TRUE,DDR,Non-Splice,Non-DTA,DDR,146.100000000002,0,0.0004005,C1D1vsC7D1
1111003 chr17:7675086:A:T,1111003,chr17:7675086:A:T,TP53,Trilaciclib,false,0,3.3357795716859e-05,0.000828286,0.00359066,0.00316081,true,true,false,false,55,55.4,56.6612021857924,56.827868852459,TRUE,DDR,Non-Splice,Non-DTA,DDR,146.099999999999,0.0219854004496854,0.00355730220428314,C1D1vsC7D1
1111001 chr17:7675088:C:T,1111001,chr17:7675088:C:T,TP53,Trilaciclib,true,0,0.0011,0.003315,0.0041235,0,false,false,false,false,47,47.4,47.4617486338798,,TRUE,DDR,Non-Splice,Non-DTA,DDR,146.099999999999,0.00755063274355582,0.0030235,C1D1vsC7D1
1128002 chr17:7675088:C:T,1128002,chr17:7675088:C:T,TP53,Trilaciclib,true,0,7e-04,0,0.001525,0,false,false,false,false,64,,64.6333333333334,,TRUE,DDR,Non-Splice,Non-DTA,DDR,231.325000000002,0.00336612711119896,0.000825,C1D1vsMaintenance
1113004 chr17:7675088:C:T,1113004,chr17:7675088:C:T,TP53,Trilaciclib,false,0,6e-04,0.0012,0.001937,0,false,false,true,false,44,44.4,44.4617486338798,,TRUE,DDR,Non-Splice,Non-DTA,DDR,146.099999999999,0.00474433388473612,0.001337,C1D1vsC7D1
1117002 chr17:7675115:G:T,1117002,chr17:7675115:G:T,TP53,Trilaciclib,true,0,7e-04,0.0017855,0,0,false,false,false,false,72,72.4,,,TRUE,DDR,Non-Splice,Non-DTA,DDR,146.100000000002,0.00640912684456595,0.0010855,C1D1vsC7D1
1128002 chr17:7675122:T:C,1128002,chr17:7675122:T:C,TP53,Trilaciclib,false,0,9e-04,0,0.003009,0,false,false,true,false,64,,64.6333333333334,,TRUE,DDR,Non-Splice,Non-DTA,DDR,231.325000000002,0.00521763023151722,0.002109,C1D1vsMaintenance
1137001 chr17:7675124:T:C,1137001,chr17:7675124:T:C,TP53,Placebo,false,0,6e-04,6e-04,7e-04,0.0024495,false,false,true,false,86,86.4,86.6284153005465,86.7950819672131,TRUE,DDR,Non-Splice,Non-DTA,DDR,146.100000000002,0,1e-04,C1D1vsC7D1
1111001 chr17:7675124:T:G,1111001,chr17:7675124:T:G,TP53,Trilaciclib,false,0,0.000129514,0.000523013,0.001686,0,false,false,false,true,47,47.4,47.4617486338798,,TRUE,DDR,Non-Splice,Non-DTA,DDR,146.099999999999,0.00955384898664015,0.001556486,C1D1vsC7D1
1128002 chr17:7675131:C:A,1128002,chr17:7675131:C:A,TP53,Trilaciclib,false,0,7.49906e-05,0,0.002249,0,false,false,false,true,64,,64.6333333333334,,TRUE,DDR,Non-Splice,Non-DTA,DDR,231.325000000002,0.0147017321068245,0.0021740094,C1D1vsMaintenance
1128002 chr17:7675132:C:G,1128002,chr17:7675132:C:G,TP53,Trilaciclib,false,0,7.60485e-05,0,0.002191,0,false,false,false,true,64,,64.6333333333334,,TRUE,DDR,Non-Splice,Non-DTA,DDR,231.325000000002,0.0145282267154459,0.0021149515,C1D1vsMaintenance
1128002 chr17:7675142:A:C,1128002,chr17:7675142:A:C,TP53,Trilaciclib,false,0,3.8546e-05,0,0.0010495,0,false,false,false,true,64,,64.6333333333334,,TRUE,DDR,Non-Splice,Non-DTA,DDR,231.325000000002,0.0142838724996598,0.001010954,C1D1vsMaintenance
1117002 chr17:7675158:G:A,1117002,chr17:7675158:G:A,TP53,Trilaciclib,false,0,2e-04,0.0026655,0,0,false,false,true,false,72,72.4,,,TRUE,DDR,Non-Splice,Non-DTA,DDR,146.100000000002,0.0177264173149537,0.0024655,C1D1vsC7D1
1133002 chr17:7675185:C:T,1133002,chr17:7675185:C:T,TP53,Trilaciclib,false,0,3e-04,0.001,0.0012555,0.0012,false,false,true,false,66,66.4,66.8579234972678,67.0245901639344,TRUE,DDR,Non-Splice,Non-DTA,DDR,146.100000000002,0.0082407447250234,0.0009555,C1D1vsC7D1
1111004 chr17:7675197:T:C,1111004,chr17:7675197:T:C,TP53,Trilaciclib,false,0,0.00182,8e-04,0.002297,0,false,false,true,false,48,48.4,48.5765027322404,,TRUE,DDR,Non-Splice,Non-DTA,DDR,146.099999999999,-0.00562614683369553,0.000477,C1D1vsC7D1
1113004 chr17:7675217:T:C,1113004,chr17:7675217:T:C,TP53,Trilaciclib,false,0,9e-04,0.0013165,0.001824,0,false,false,true,false,44,44.4,44.4617486338798,,TRUE,DDR,Non-Splice,Non-DTA,DDR,146.099999999999,0.00260326636284774,0.000924,C1D1vsC7D1
1131013 chr17:7675218:T:C,1131013,chr17:7675218:T:C,TP53,Placebo,false,0,8e-04,0.0051605,9e-04,0,false,false,true,false,82,82.4,83.0355191256831,,TRUE,DDR,Non-Splice,Non-DTA,DDR,146.100000000002,0.0127595963404383,1e-04,C1D1vsC7D1
1137001 chr17:7675994:C:T,1137001,chr17:7675994:C:T,TP53,Placebo,false,0,4e-04,0.001,0.0015235,0.002235,false,false,true,false,86,86.4,86.6284153005465,86.7950819672131,TRUE,DDR,Non-Splice,Non-DTA,DDR,146.100000000002,0.00627166825375867,0.0011235,C1D1vsC7D1
1165001 chr17:7675996:T:C,1165001,chr17:7675996:T:C,TP53,Trilaciclib,false,0,0.001154,8e-04,0.0014,8e-04,false,false,true,false,67,67.4,67.8579234972678,68.0245901639344,TRUE,DDR,Non-Splice,Non-DTA,DDR,146.100000000002,-0.00250771881861815,0.000246,C1D1vsC7D1
1156003 chr17:7676064:G:A,1156003,chr17:7676064:G:A,TP53,Trilaciclib,true,0,0.001366,0,5e-04,0.00258366666666667,false,false,false,false,53,,53.2841530054645,53.4508196721312,TRUE,DDR,Non-Splice,Non-DTA,DDR,103.786885245902,-0.00968363140802731,-0.000866,C1D1vsMaintenance
1164001 chr17:60662996:C:G,1164001,chr17:60662996:C:G,PPM1D,Trilaciclib,false,0,0.000709101,0.0080798,0.0226315,0.018205,true,false,false,false,69,69.4,69.3989071038251,69.5655737704918,TRUE,DDR,Non-Splice,Non-DTA,DDR,146.100000000002,0.01665382907725,0.021922399,C1D1vsC7D1
1156004 chr17:60663004:G:T,1156004,chr17:60663004:G:T,PPM1D,Trilaciclib,true,0,6e-04,0.005101,0.0384196666666667,0.0595466666666667,false,false,false,false,51,51.4,51.6284153005465,51.7950819672131,TRUE,DDR,Non-Splice,Non-DTA,DDR,146.099999999999,0.0146492965277672,0.0378196666666667,C1D1vsC7D1
1156003 chr17:60663013:TG:T,1156003,chr17:60663013:TG:T,PPM1D,Trilaciclib,false,0,0.000209315,0,0.000877,0.001982,false,false,false,true,53,,53.2841530054645,53.4508196721312,TRUE,DDR,Non-Splice,Non-DTA,DDR,103.786885245902,0.0138039280650039,0.000667685,C1D1vsMaintenance
1137001 chr17:60663077:AT:A,1137001,chr17:60663077:AT:A,PPM1D,Placebo,false,0,0.000769877,0.0012005,0.0023,0.0025,false,false,true,true,86,86.4,86.6284153005465,86.7950819672131,TRUE,DDR,Non-Splice,Non-DTA,DDR,146.100000000002,0.00304081214122619,0.001530123,C1D1vsC7D1
1130001 chr17:60663077:AT:A,1130001,chr17:60663077:AT:A,PPM1D,Trilaciclib,false,0,6e-04,0.002,0.0014,0.0019,false,false,true,false,44,44.4,44.3989071038251,44.5655737704918,TRUE,DDR,Non-Splice,Non-DTA,DDR,146.099999999999,0.00824074472502355,8e-04,C1D1vsC7D1
1131015 chr17:60663083:T:A,1131015,chr17:60663083:T:A,PPM1D,Placebo,false,0,5.28653e-05,9.78043e-05,0.00101,0,false,false,false,true,41,41.4,41.8060109289617,,TRUE,DDR,Non-Splice,Non-DTA,DDR,146.099999999999,0.00421096081008828,0.0009571347,C1D1vsC7D1
1131004 chr17:60663083:T:G,1131004,chr17:60663083:T:G,PPM1D,Trilaciclib,true,0,7e-04,0,0.0014,0.0014015,false,false,false,false,68,,68.2841530054645,68.4508196721312,TRUE,DDR,Non-Splice,Non-DTA,DDR,103.7868852459,0.00667856231466712,7e-04,C1D1vsMaintenance
1156004 chr17:60663085:G:T,1156004,chr17:60663085:G:T,PPM1D,Trilaciclib,true,0,4e-04,0.0019035,0.006841,0.00874833333333333,false,false,false,false,51,51.4,51.6284153005465,51.7950819672131,TRUE,DDR,Non-Splice,Non-DTA,DDR,146.099999999999,0.0106775155969512,0.006441,C1D1vsC7D1
1131010 chr17:60663085:G:T,1131010,chr17:60663085:G:T,PPM1D,Trilaciclib,true,0,0.004647,0.025278,0,0,false,false,false,false,53,53.4,,,TRUE,DDR,Non-Splice,Non-DTA,DDR,146.099999999999,0.0115928309522389,0.020631,C1D1vsC7D1
1123005 chr17:60663092:C:A,1123005,chr17:60663092:C:A,PPM1D,Placebo,true,0,0.001122,0.022772,0.0332236666666667,0,false,false,false,false,54,54.4,54.5765027322404,,TRUE,DDR,Non-Splice,Non-DTA,DDR,146.099999999999,0.0206051944147046,0.0321016666666667,C1D1vsC7D1
1164001 chr17:60663104:CT:C,1164001,chr17:60663104:CT:C,PPM1D,Trilaciclib,false,0,0.000119048,0.000763131,0.003578,0.00166205,true,false,false,false,69,69.4,69.3989071038251,69.5655737704918,TRUE,DDR,Non-Splice,Non-DTA,DDR,146.100000000002,0.0127166525264486,0.003458952,C1D1vsC7D1
1131004 chr17:60663110:AG:A,1131004,chr17:60663110:AG:A,PPM1D,Trilaciclib,true,0,5e-04,0,0.00209,0.001074,false,false,false,false,68,,68.2841530054645,68.4508196721312,TRUE,DDR,Non-Splice,Non-DTA,DDR,103.7868852459,0.0137812329866906,0.00159,C1D1vsMaintenance
1137001 chr17:60663118:C:T,1137001,chr17:60663118:C:T,PPM1D,Placebo,false,0,2e-04,4e-04,0.0013555,0.002195,false,false,true,false,86,86.4,86.6284153005465,86.7950819672131,TRUE,DDR,Non-Splice,Non-DTA,DDR,146.100000000002,0.00474433388473604,0.0011555,C1D1vsC7D1
1117002 chr17:60663118:C:T,1117002,chr17:60663118:C:T,PPM1D,Trilaciclib,false,0,3e-04,0.0031815,0,0,false,false,true,false,72,72.4,,,TRUE,DDR,Non-Splice,Non-DTA,DDR,146.100000000002,0.0161623927995661,0.0028815,C1D1vsC7D1
1131004 chr17:60663125:T:TC,1131004,chr17:60663125:T:TC,PPM1D,Trilaciclib,true,0,0.000539,0,0.001082,0.0014175,false,false,false,false,68,,68.2841530054645,68.4508196721312,TRUE,DDR,Non-Splice,Non-DTA,DDR,103.7868852459,0.00671424801742917,0.000543,C1D1vsMaintenance
1111004 chr17:60663137:C:G,1111004,chr17:60663137:C:G,PPM1D,Trilaciclib,false,0,0.000117827,0.001407,0.00380466666666667,0,false,false,false,true,48,48.4,48.5765027322404,,TRUE,DDR,Non-Splice,Non-DTA,DDR,146.099999999999,0.0169746585223979,0.00368683966666667,C1D1vsC7D1
1131004 chr17:60663148:G:T,1131004,chr17:60663148:G:T,PPM1D,Trilaciclib,true,0,0.0010035,0,0.0028675,0.0032305,false,false,false,false,68,,68.2841530054645,68.4508196721312,TRUE,DDR,Non-Splice,Non-DTA,DDR,103.7868852459,0.0101163714305475,0.001864,C1D1vsMaintenance
1131004 chr17:60663153:AC:A,1131004,chr17:60663153:AC:A,PPM1D,Trilaciclib,true,0,0.000588,0,0.0024205,0.0013825,false,false,false,false,68,,68.2841530054645,68.4508196721312,TRUE,DDR,Non-Splice,Non-DTA,DDR,103.7868852459,0.0136337308719555,0.0018325,C1D1vsMaintenance
1130001 chr17:60663156:TG:T,1130001,chr17:60663156:TG:T,PPM1D,Trilaciclib,false,0,2.31932e-05,0.0008625,0.000591,0.001981,false,false,false,true,44,44.4,44.3989071038251,44.5655737704918,TRUE,DDR,Non-Splice,Non-DTA,DDR,146.099999999999,0.0247500069585541,0.0005678068,C1D1vsC7D1
1156001 chr17:60663157:GA:G,1156001,chr17:60663157:GA:G,PPM1D,Placebo,true,0,1e-04,0.0008515,0.0139413333333333,0.00605466666666667,false,false,false,false,51,51.4,51.5136612021858,51.6803278688525,TRUE,DDR,Non-Splice,Non-DTA,DDR,146.099999999999,0.0146600226838786,0.0138413333333333,C1D1vsC7D1
1111005 chr17:60663164:AT:A,1111005,chr17:60663164:AT:A,PPM1D,Placebo,false,0,1.6997e-05,0.0004635,0.006018,0,false,false,false,true,48,48.4,48.8060109289618,,TRUE,DDR,Non-Splice,Non-DTA,DDR,146.099999999999,0.0226267592546934,0.006001003,C1D1vsC7D1
1123005 chr17:60663171:T:TA,1123005,chr17:60663171:T:TA,PPM1D,Placebo,false,0,0.000181155,0.0021,0.0031,0,false,false,false,true,54,54.4,54.5765027322404,,TRUE,DDR,Non-Splice,Non-DTA,DDR,146.099999999999,0.0167716605428889,0.002918845,C1D1vsC7D1
1131004 chr17:60663171:TA:T,1131004,chr17:60663171:TA:T,PPM1D,Trilaciclib,true,0,0.0048415,0,0.0199,0.0160126666666667,false,false,false,false,68,,68.2841530054645,68.4508196721312,TRUE,DDR,Non-Splice,Non-DTA,DDR,103.7868852459,0.0136192076514489,0.0150585,C1D1vsMaintenance
1131004 chr17:60663180:GA:G,1131004,chr17:60663180:GA:G,PPM1D,Trilaciclib,true,0,2e-04,0,0.000721,0.0011,false,false,false,false,68,,68.2841530054645,68.4508196721312,TRUE,DDR,Non-Splice,Non-DTA,DDR,103.7868852459,0.0123553353364324,0.000521,C1D1vsMaintenance
1137001 chr17:60663182:C:CT,1137001,chr17:60663182:C:CT,PPM1D,Placebo,false,0,6.76636e-05,0.001403,0.007238,0.01275,false,false,false,true,86,86.4,86.6284153005465,86.7950819672131,TRUE,DDR,Non-Splice,Non-DTA,DDR,146.100000000002,0.0207516749551867,0.0071703364,C1D1vsC7D1
1131004 chr17:60663184:T:TA,1131004,chr17:60663184:T:TA,PPM1D,Trilaciclib,true,0,0.002012,0,0.00483833333333333,0.005583,false,false,false,false,68,,68.2841530054645,68.4508196721312,TRUE,DDR,Non-Splice,Non-DTA,DDR,103.7868852459,0.0084542575344861,0.00282633333333333,C1D1vsMaintenance
1131004 chr17:60663185:T:A,1131004,chr17:60663185:T:A,PPM1D,Trilaciclib,false,0,0.000246396,0,0.001,0.00111143333333333,false,false,false,true,68,,68.2841530054645,68.4508196721312,TRUE,DDR,Non-Splice,Non-DTA,DDR,103.7868852459,0.0134970355638081,0.000753604,C1D1vsMaintenance
1156004 chr17:60663187:A:G,1156004,chr17:60663187:A:G,PPM1D,Trilaciclib,false,0,0.0011195,0.0009385,5e-04,0.0010295,false,false,true,false,51,51.4,51.6284153005465,51.7950819672131,TRUE,DDR,Non-Splice,Non-DTA,DDR,146.099999999999,-0.0012070813142522,-0.0006195,C1D1vsC7D1
1123005 chr17:60663242:C:A,1123005,chr17:60663242:C:A,PPM1D,Placebo,false,0,9.41309e-05,5e-04,0.0013305,0,false,false,false,true,54,54.4,54.5765027322404,,TRUE,DDR,Non-Splice,Non-DTA,DDR,146.099999999999,0.0114299913187111,0.0012363691,C1D1vsC7D1
1123005 chr17:60663260:AC:A,1123005,chr17:60663260:AC:A,PPM1D,Placebo,true,0,0.001134,0.0286243333333333,0.0266073333333333,0,false,false,false,false,54,54.4,54.5765027322404,,TRUE,DDR,Non-Splice,Non-DTA,DDR,146.099999999999,0.0220979190050132,0.0254733333333333,C1D1vsC7D1
1111003 chr17:60663262:C:CA,1111003,chr17:60663262:C:CA,PPM1D,Trilaciclib,true,0,0.0045055,0.0187,0.0405,0.04145,false,false,false,false,55,55.4,56.6612021857924,56.827868852459,TRUE,DDR,Non-Splice,Non-DTA,DDR,146.099999999999,0.0097414418286625,0.0359945,C1D1vsC7D1
1131015 chr17:60663269:AT:A,1131015,chr17:60663269:AT:A,PPM1D,Placebo,false,0,0.000300496,0.000583,0.0038,0,false,false,false,true,41,41.4,41.8060109289617,,TRUE,DDR,Non-Splice,Non-DTA,DDR,146.099999999999,0.00453629530192959,0.003499504,C1D1vsC7D1
1131014 chr17:60663272:T:A,1131014,chr17:60663272:T:A,PPM1D,Trilaciclib,true,0,0.0013015,0.00288933333333333,0.0025705,0.0019555,false,false,false,false,69,69.4,69.6284153005465,69.7950819672131,TRUE,DDR,Non-Splice,Non-DTA,DDR,146.100000000002,0.00545864715642373,0.001269,C1D1vsC7D1
1114002 chr17:60663274:A:T,1114002,chr17:60663274:A:T,PPM1D,Placebo,false,0,8.19806525659944e-05,0.0019,0,0,false,true,false,false,72,72.4,,,TRUE,DDR,Non-Splice,Non-DTA,DDR,146.100000000002,0.0215135242302985,0.00181801934743401,C1D1vsC7D1
1156002 chr17:60663281:C:A,1156002,chr17:60663281:C:A,PPM1D,Trilaciclib,false,0,4.1576584067853e-05,0.0010875,0,0,false,true,false,false,34,34.4,,,TRUE,DDR,Non-Splice,Non-DTA,DDR,146.099999999999,0.0223415444021768,0.00104592341593215,C1D1vsC7D1
1131004 chr17:60663281:C:G,1131004,chr17:60663281:C:G,PPM1D,Trilaciclib,true,0,0.012041,0,0.0325296666666667,0.0267773333333333,false,false,false,false,68,,68.2841530054645,68.4508196721312,TRUE,DDR,Non-Splice,Non-DTA,DDR,103.7868852459,0.00957572816851069,0.0204886666666667,C1D1vsMaintenance
1111001 chr17:60663292:CA:C,1111001,chr17:60663292:CA:C,PPM1D,Trilaciclib,false,0,0.000130856,0.001184,0.0011525,0,false,false,false,true,47,47.4,47.4617486338798,,TRUE,DDR,Non-Splice,Non-DTA,DDR,146.099999999999,0.0150756764783555,0.001021644,C1D1vsC7D1
1165001 chr17:60663295:AT:A,1165001,chr17:60663295:AT:A,PPM1D,Trilaciclib,false,0,6.29644e-05,0.000128623,0.001897,0.0021475,false,false,false,true,67,67.4,67.8579234972678,68.0245901639344,TRUE,DDR,Non-Splice,Non-DTA,DDR,146.100000000002,0.00488922763619168,0.0018340356,C1D1vsC7D1
1131010 chr17:60663304:C:T,1131010,chr17:60663304:C:T,PPM1D,Trilaciclib,true,0,0.0027905,0.0188643333333333,0,0,false,false,false,false,53,53.4,,,TRUE,DDR,Non-Splice,Non-DTA,DDR,146.099999999999,0.0130804395806615,0.0160738333333333,C1D1vsC7D1
1128002 chr17:60663306:AG:A,1128002,chr17:60663306:AG:A,PPM1D,Trilaciclib,false,0,7.15512e-05,0,0.00525766666666667,0,false,false,false,true,64,,64.6333333333334,,TRUE,DDR,Non-Splice,Non-DTA,DDR,231.325000000002,0.0185757238969806,0.00518611546666667,C1D1vsMaintenance
1131015 chr17:60663333:CT:C,1131015,chr17:60663333:CT:C,PPM1D,Placebo,true,0,4e-04,0.0011845,0.001686,0,false,false,false,false,41,41.4,41.8060109289617,,TRUE,DDR,Non-Splice,Non-DTA,DDR,146.099999999999,0.00743060558857537,0.001286,C1D1vsC7D1
1123005 chr17:60663333:CT:C,1123005,chr17:60663333:CT:C,PPM1D,Placebo,false,0,4.57268e-05,0.0020135,0.0030665,0,false,false,false,true,54,54.4,54.5765027322404,,TRUE,DDR,Non-Splice,Non-DTA,DDR,146.099999999999,0.0259065381315247,0.0030207732,C1D1vsC7D1
1114002 chr17:60663337:A:T,1114002,chr17:60663337:A:T,PPM1D,Placebo,true,0,0.0017,0.02291,0,0,false,false,false,false,72,72.4,,,TRUE,DDR,Non-Splice,Non-DTA,DDR,146.100000000002,0.0178024999685366,0.02121,C1D1vsC7D1
1131015 chr17:60663338:A:G,1131015,chr17:60663338:A:G,PPM1D,Placebo,false,0,8e-04,0.001576,6e-04,0,false,false,true,false,41,41.4,41.8060109289617,,TRUE,DDR,Non-Splice,Non-DTA,DDR,146.099999999999,0.00464088667179945,-2e-04,C1D1vsC7D1
1111005 chr17:60663340:AG:A,1111005,chr17:60663340:AG:A,PPM1D,Placebo,false,0,7.14515e-05,0.0059745,0.0242916666666667,0,false,false,false,true,48,48.4,48.8060109289618,,TRUE,DDR,Non-Splice,Non-DTA,DDR,146.099999999999,0.0302959397223301,0.0242202151666667,C1D1vsC7D1
1131004 chr17:60663340:AG:A,1131004,chr17:60663340:AG:A,PPM1D,Trilaciclib,true,0,0.002289,0,0.00101,0.000613,false,false,false,false,68,,68.2841530054645,68.4508196721312,TRUE,DDR,Non-Splice,Non-DTA,DDR,103.7868852459,-0.00788312230566324,-0.001279,C1D1vsMaintenance
1131004 chr17:60663347:T:G,1131004,chr17:60663347:T:G,PPM1D,Trilaciclib,true,0,0.0013,0,0.0018,0.0021035,false,false,false,false,68,,68.2841530054645,68.4508196721312,TRUE,DDR,Non-Splice,Non-DTA,DDR,103.7868852459,0.00313548672034635,5e-04,C1D1vsMaintenance
1128002 chr17:60663353:AG:A,1128002,chr17:60663353:AG:A,PPM1D,Trilaciclib,false,0,0.000112695,0,0.0023385,0,false,false,false,true,64,,64.6333333333334,,TRUE,DDR,Non-Splice,Non-DTA,DDR,231.325000000002,0.013109607360539,0.002225805,C1D1vsMaintenance
1148001 chr17:60663365:GC:G,1148001,chr17:60663365:GC:G,PPM1D,Trilaciclib,true,0,0.0005055,0.0006975,0.0010965,0.000709,false,false,false,false,74,74.4,74.7431693989071,74.9098360655738,TRUE,DDR,Non-Splice,Non-DTA,DDR,146.100000000002,0.00220365828360705,0.000591,C1D1vsC7D1
1165001 chr17:60663370:CT:C,1165001,chr17:60663370:CT:C,PPM1D,Trilaciclib,false,0,7.56956429587913e-06,1e-04,0.002,0.0020015,false,true,false,false,67,67.4,67.8579234972678,68.0245901639344,TRUE,DDR,Non-Splice,Non-DTA,DDR,146.100000000002,0.0176662195542928,0.00199243043570412,C1D1vsC7D1
1111005 chr17:60663370:CT:C,1111005,chr17:60663370:CT:C,PPM1D,Placebo,false,0,8.93255917820456e-06,0.0002955,0.002327,0,false,true,false,false,48,48.4,48.8060109289618,,TRUE,DDR,Non-Splice,Non-DTA,DDR,146.099999999999,0.0239491163648788,0.0023180674408218,C1D1vsC7D1
1165001 chr17:60663379:A:T,1165001,chr17:60663379:A:T,PPM1D,Trilaciclib,false,0,0.000137923,0.000472651,0.00157745,0.00203547,true,false,false,true,67,67.4,67.8579234972678,68.0245901639344,TRUE,DDR,Non-Splice,Non-DTA,DDR,146.100000000002,0.00843026498412483,0.001439527,C1D1vsC7D1
1137001 chr17:60663458:CTG:C,1137001,chr17:60663458:CTG:C,PPM1D,Placebo,false,0,4.50491035228399e-05,0.000568,0.001347,0.001398,false,true,false,false,86,86.4,86.6284153005465,86.7950819672131,TRUE,DDR,Non-Splice,Non-DTA,DDR,146.100000000002,0.01734680584852,0.00130195089647716,C1D1vsC7D1
1137001 chr17:60663459:TGT:C,1137001,chr17:60663459:TGT:C,PPM1D,Placebo,false,0,4.47707736389685e-05,6e-04,0.0013,0.0015,false,true,false,false,86,86.4,86.6284153005465,86.7950819672131,TRUE,DDR,Non-Splice,Non-DTA,DDR,146.100000000002,0.0177643675757285,0.00125522922636103,C1D1vsC7D1
1137001 chr17:60663475:C:T,1137001,chr17:60663475:C:T,PPM1D,Placebo,false,0,6e-04,8e-04,0.001,0.001374,false,false,true,false,86,86.4,86.6284153005465,86.7950819672131,TRUE,DDR,Non-Splice,Non-DTA,DDR,146.100000000002,0.00196907647126473,4e-04,C1D1vsC7D1
1117006 chr2:25234286:C:T,1117006,chr2:25234286:C:T,DNMT3A,Trilaciclib,false,0,3e-04,0,0.0012,0,false,false,true,false,61,,61.5765027322404,,TRUE,Non-DDR,Non-Splice,DTA,DTA,210.567622950819,0.00658360645237316,9e-04,C1D1vsMaintenance
1117006 chr2:25234304:A:G,1117006,chr2:25234304:A:G,DNMT3A,Trilaciclib,true,0,0.010017,0,0.012767,0,false,false,false,false,61,,61.5765027322404,,TRUE,Non-DDR,Non-Splice,DTA,DTA,210.567622950819,0.00115202928070877,0.00275,C1D1vsMaintenance
1137001 chr2:25234307:G:A,1137001,chr2:25234307:G:A,DNMT3A,Placebo,true,0,0.002657,0.003573,0.004118,0.003523,false,false,false,false,86,86.4,86.6284153005465,86.7950819672131,TRUE,Non-DDR,Non-Splice,DTA,DTA,146.100000000002,0.00202743266436408,0.001461,C1D1vsC7D1
1114002 chr2:25234322:C:T,1114002,chr2:25234322:C:T,DNMT3A,Placebo,false,0,0.000217439,0.0011,0,0,false,false,false,true,72,72.4,,,TRUE,Non-DDR,Non-Splice,DTA,DTA,146.100000000002,0.0110961472098837,0.000882561,C1D1vsC7D1
1156004 chr2:25234323:G:A,1156004,chr2:25234323:G:A,DNMT3A,Trilaciclib,false,0,0.0013005,8e-04,0.0007695,0.001212,false,false,true,false,51,51.4,51.6284153005465,51.7950819672131,TRUE,Non-DDR,Non-Splice,DTA,DTA,146.099999999999,-0.00332575193169597,-0.000531,C1D1vsC7D1
1137001 chr2:25234326:T:C,1137001,chr2:25234326:T:C,DNMT3A,Placebo,false,0,0.001,0.000435407,0.000383083,7e-04,false,false,true,true,86,86.4,86.6284153005465,86.7950819672131,TRUE,Non-DDR,Non-Splice,DTA,DTA,146.100000000002,-0.00569112972717657,-0.000616917,C1D1vsC7D1
1117004 chr2:25234340:C:G,1117004,chr2:25234340:C:G,DNMT3A,Trilaciclib,true,0,6e-04,9e-04,0.0016795,0,false,false,false,false,64,64.4,64.4617486338798,,TRUE,Non-DDR,Non-Splice,DTA,DTA,146.100000000002,0.00277525741347131,0.0010795,C1D1vsC7D1
1131010 chr2:25234362:G:A,1131010,chr2:25234362:G:A,DNMT3A,Trilaciclib,true,0,0.0027555,0.0012,0,0,false,false,false,false,53,53.4,,,TRUE,Non-DDR,Non-Splice,DTA,DTA,146.099999999999,-0.00568978341921425,-0.0015555,C1D1vsC7D1
1122002 chr2:25234373:C:T,1122002,chr2:25234373:C:T,DNMT3A,Trilaciclib,true,0,0.0262376666666667,0.0341006666666667,0.0538243333333333,0,false,false,false,false,65,65.4,65.5765027322405,,TRUE,Non-DDR,Non-Splice,DTA,DTA,146.100000000002,0.00179411976100408,0.0275866666666666,C1D1vsC7D1
1117006 chr2:25234373:C:T,1117006,chr2:25234373:C:T,DNMT3A,Trilaciclib,false,0,7e-04,0,0.001986,0,false,false,true,false,61,,61.5765027322404,,TRUE,Non-DDR,Non-Splice,DTA,DTA,210.567622950819,0.0049523164812725,0.001286,C1D1vsMaintenance
1123005 chr2:25234374:G:T,1123005,chr2:25234374:G:T,DNMT3A,Placebo,false,0,9e-04,0.000192743,0.0011,0,false,false,false,true,54,54.4,54.5765027322404,,TRUE,Non-DDR,Non-Splice,DTA,DTA,146.099999999999,-0.0105478238741441,2e-04,C1D1vsC7D1
1114002 chr2:25234380:T:C,1114002,chr2:25234380:T:C,DNMT3A,Placebo,false,0,0.000205677,0.0013,0,0,false,false,false,true,72,72.4,,,TRUE,Non-DDR,Non-Splice,DTA,DTA,146.100000000002,0.01262020921535,0.001094323,C1D1vsC7D1
1163006 chr2:25234380:T:C,1163006,chr2:25234380:T:C,DNMT3A,Placebo,false,0,0.000409836,7e-04,0.001295,0.001111,false,false,true,true,52,52.4,53.0874316939891,53.2540983606558,TRUE,Non-DDR,Non-Splice,DTA,DTA,146.099999999999,0.00366408799018749,0.000885164,C1D1vsC7D1
1114002 chr2:25234415:A:G,1114002,chr2:25234415:A:G,DNMT3A,Placebo,false,0,8e-04,0.001736,0,0,false,false,true,false,72,72.4,,,TRUE,Non-DDR,Non-Splice,DTA,DTA,146.100000000002,0.00530271846373961,0.000936,C1D1vsC7D1
1111005 chr2:25235779:T:A,1111005,chr2:25235779:T:A,DNMT3A,Placebo,false,0,0.001154,0.000257813,4e-04,0,false,false,false,true,48,48.4,48.8060109289618,,TRUE,Non-DDR,Non-Splice,DTA,DTA,146.099999999999,-0.0102584184198973,-0.000754,C1D1vsC7D1
1117004 chr2:25236964:TC:T,1117004,chr2:25236964:TC:T,DNMT3A,Trilaciclib,true,0,0.001187,0.001432,0.002371,0,false,false,false,false,64,64.4,64.4617486338798,,TRUE,Non-DDR,Non-Splice,DTA,DTA,146.100000000002,0.00128434601581739,0.001184,C1D1vsC7D1
1117004 chr2:25236965:CC:T,1117004,chr2:25236965:CC:T,DNMT3A,Trilaciclib,true,0,0.0012,0.0014,0.0022,0,false,false,false,false,64,64.4,64.4617486338798,,TRUE,Non-DDR,Non-Splice,DTA,DTA,146.100000000002,0.001055103900255,0.001,C1D1vsC7D1
1165001 chr2:25239143:G:T,1165001,chr2:25239143:G:T,DNMT3A,Trilaciclib,true,0,3e-04,4e-04,0.001,0.0014775,false,false,false,false,67,67.4,67.8579234972678,68.0245901639344,TRUE,Non-DDR,Non-Splice,DTA,DTA,146.100000000002,0.00196907647126473,7e-04,C1D1vsC7D1
1111001 chr2:25239199:A:G,1111001,chr2:25239199:A:G,DNMT3A,Trilaciclib,true,0,0.0022385,0.002832,0.001811,0,false,false,false,false,47,47.4,47.4617486338798,,TRUE,Non-DDR,Non-Splice,DTA,DTA,146.099999999999,0.00160970004881992,-0.0004275,C1D1vsC7D1
1131013 chr2:25239199:A:G,1131013,chr2:25239199:A:G,DNMT3A,Placebo,true,0,0.0037095,0.0045935,0.0015135,0,false,false,false,false,82,82.4,83.0355191256831,,TRUE,Non-DDR,Non-Splice,DTA,DTA,146.100000000002,0.00146300591431853,-0.002196,C1D1vsC7D1
1131014 chr2:25239205:A:C,1131014,chr2:25239205:A:C,DNMT3A,Trilaciclib,true,0,0.002464,0.0025185,0.001175,0.0013675,false,false,false,false,69,69.4,69.6284153005465,69.7950819672131,TRUE,Non-DDR,Non-Splice,DTA,DTA,146.100000000002,0.000149742919454444,-0.001289,C1D1vsC7D1
1131013 chr2:25240312:C:T,1131013,chr2:25240312:C:T,DNMT3A,Placebo,true,0,0.00245166666666667,0.002294,0.001568,0,false,false,false,false,82,82.4,83.0355191256831,,TRUE,Non-DDR,Non-Splice,DTA,DTA,146.100000000002,-0.000454969518672914,-0.00088366666666667,C1D1vsC7D1
1122002 chr2:25240315:G:A,1122002,chr2:25240315:G:A,DNMT3A,Trilaciclib,true,0,0.007823,0.007208,0.009086,0,false,false,false,false,65,65.4,65.5765027322405,,TRUE,Non-DDR,Non-Splice,DTA,DTA,146.100000000002,-0.000560414732353905,0.001263,C1D1vsC7D1
1122001 chr2:25240319:T:C,1122001,chr2:25240319:T:C,DNMT3A,Trilaciclib,false,0,0.001851,0.0014,9e-04,0.001236,false,false,true,false,42,42.4,43.8907103825137,44.0573770491803,TRUE,Non-DDR,Non-Splice,DTA,DTA,146.099999999999,-0.00191138806961087,-0.000951,C1D1vsC7D1
1165001 chr2:25240353:A:C,1165001,chr2:25240353:A:C,DNMT3A,Trilaciclib,false,0,0.002,0.0021,0.0017,0.0031,false,false,true,false,67,67.4,67.8579234972678,68.0245901639344,TRUE,Non-DDR,Non-Splice,DTA,DTA,146.100000000002,0.000333950473438954,-3e-04,C1D1vsC7D1
1166001 chr2:25240353:A:T,1166001,chr2:25240353:A:T,DNMT3A,Trilaciclib,false,0,0.000376865,0.0013,0.000190981,0.000132301,false,false,false,true,45,45.4,45.3989071038251,45.5655737704918,TRUE,Non-DDR,Non-Splice,DTA,DTA,146.099999999999,0.0084752396325592,-0.000185884,C1D1vsC7D1
1128002 chr2:25240360:A:G,1128002,chr2:25240360:A:G,DNMT3A,Trilaciclib,true,0,0.0015305,0,0.002876,0,false,false,false,false,64,,64.6333333333334,,TRUE,Non-DDR,Non-Splice,DTA,DTA,231.325000000002,0.00272692515056939,0.0013455,C1D1vsMaintenance
1165001 chr2:25240370:A:C,1165001,chr2:25240370:A:C,DNMT3A,Trilaciclib,true,0,0.0022215,0.002348,0.0034605,0.0039435,false,false,false,false,67,67.4,67.8579234972678,68.0245901639344,TRUE,Non-DDR,Non-Splice,DTA,DTA,146.100000000002,0.000379064055934449,0.001239,C1D1vsC7D1
1148003 chr2:25240379:G:A,1148003,chr2:25240379:G:A,DNMT3A,Trilaciclib,true,0,0.0012475,0.0010565,0.001018,0.0014175,false,false,false,false,55,55.4,55.9726775956284,56.1393442622951,TRUE,Non-DDR,Non-Splice,DTA,DTA,146.099999999999,-0.00113744004496621,-0.0002295,C1D1vsC7D1
1117004 chr2:25240402:G:T,1117004,chr2:25240402:G:T,DNMT3A,Trilaciclib,true,0,0.00692066666666667,0.005503,0.00816833333333333,0,false,false,false,false,64,64.4,64.4617486338798,,TRUE,Non-DDR,Non-Splice,DTA,DTA,146.100000000002,-0.00156891653679206,0.00124766666666666,C1D1vsC7D1
1123005 chr2:25240417:C:T,1123005,chr2:25240417:C:T,DNMT3A,Placebo,true,0,0.00536433333333333,0.001917,0.0013,0,false,false,false,false,54,54.4,54.5765027322404,,TRUE,Non-DDR,Non-Splice,DTA,DTA,146.099999999999,-0.00704319399113445,-0.00406433333333333,C1D1vsC7D1
1137001 chr2:25240417:C:T,1137001,chr2:25240417:C:T,DNMT3A,Placebo,true,0,0.002902,0.002739,0.001697,0.0018325,false,false,false,false,86,86.4,86.6284153005465,86.7950819672131,TRUE,Non-DDR,Non-Splice,DTA,DTA,146.100000000002,-0.000395669159350131,-0.001205,C1D1vsC7D1
1166001 chr2:25240418:G:A,1166001,chr2:25240418:G:A,DNMT3A,Trilaciclib,true,0,0.00964366666666667,0.0176856666666667,0.0165523333333333,0.0202746666666667,false,false,false,false,45,45.4,45.3989071038251,45.5655737704918,TRUE,Non-DDR,Non-Splice,DTA,DTA,146.099999999999,0.00415094539876765,0.00690866666666663,C1D1vsC7D1
1156005 chr2:25240418:G:A,1156005,chr2:25240418:G:A,DNMT3A,Trilaciclib,true,0,0.0327193333333333,0.0170676666666667,0.010841,0,false,false,false,false,58,58.4,58.4617486338798,,TRUE,Non-DDR,Non-Splice,DTA,DTA,146.099999999999,-0.00445434839984972,-0.0218783333333333,C1D1vsC7D1
1163005 chr2:25240420:T:C,1163005,chr2:25240420:T:C,DNMT3A,Trilaciclib,false,0,6e-04,0.0010485,6e-04,0.00158,false,false,true,false,48,48.4,48.7431693989071,48.9098360655738,TRUE,Non-DDR,Non-Splice,DTA,DTA,146.099999999999,0.00382057628422882,0,C1D1vsC7D1
1123005 chr2:25240421:A:G,1123005,chr2:25240421:A:G,DNMT3A,Placebo,false,0,5e-04,0.0012,8e-04,0,false,false,true,false,54,54.4,54.5765027322404,,TRUE,Non-DDR,Non-Splice,DTA,DTA,146.099999999999,0.00599225692918483,3e-04,C1D1vsC7D1
1128002 chr2:25240427:C:CA,1128002,chr2:25240427:C:CA,DNMT3A,Trilaciclib,true,0,0.0012,0,0.002,0,false,false,false,false,64,,64.6333333333334,,TRUE,Non-DDR,Non-Splice,DTA,DTA,231.325000000002,0.00220825947807624,8e-04,C1D1vsMaintenance
1156005 chr2:25240433:A:C,1156005,chr2:25240433:A:C,DNMT3A,Trilaciclib,true,0,0.001276,0.002777,0.0051945,0,false,false,false,false,58,58.4,58.4617486338798,,TRUE,Non-DDR,Non-Splice,DTA,DTA,146.099999999999,0.00532266272006891,0.0039185,C1D1vsC7D1
1166001 chr2:25240439:G:A,1166001,chr2:25240439:G:A,DNMT3A,Trilaciclib,true,0,0.00566266666666667,0.00536433333333333,0.004184,0.004853,false,false,false,false,45,45.4,45.3989071038251,45.5655737704918,TRUE,Non-DDR,Non-Splice,DTA,DTA,146.099999999999,-0.000370450497020317,-0.00147866666666667,C1D1vsC7D1
1131014 chr2:25240693:C:T,1131014,chr2:25240693:C:T,DNMT3A,Trilaciclib,true,0,0.00374966666666667,0.0026035,0.00928633333333333,0.0116646666666667,false,false,false,false,69,69.4,69.6284153005465,69.7950819672131,TRUE,Non-DDR,Non-Splice,DTA,DTA,146.100000000002,-0.00249699009939602,0.00553666666666666,C1D1vsC7D1
1111003 chr2:25240693:C:T,1111003,chr2:25240693:C:T,DNMT3A,Trilaciclib,true,0,0.002929,0.0031885,0.0056525,0.00507766666666667,false,false,false,false,55,55.4,56.6612021857924,56.827868852459,TRUE,Non-DDR,Non-Splice,DTA,DTA,146.099999999999,0.000581037090537941,0.0027235,C1D1vsC7D1
1165001 chr2:25240694:C:G,1165001,chr2:25240694:C:G,DNMT3A,Trilaciclib,true,0,0.003194,0.00378666666666667,0.0027635,0.0024775,false,false,false,false,67,67.4,67.8579234972678,68.0245901639344,TRUE,Non-DDR,Non-Splice,DTA,DTA,146.100000000002,0.00116503815764595,-0.0004305,C1D1vsC7D1
1131010 chr2:25240696:C:T,1131010,chr2:25240696:C:T,DNMT3A,Trilaciclib,true,0,0.0019915,0.0012,0,0,false,false,false,false,53,53.4,,,TRUE,Non-DDR,Non-Splice,DTA,DTA,146.099999999999,-0.00346725918443264,-0.0007915,C1D1vsC7D1
1165001 chr2:25240699:A:G,1165001,chr2:25240699:A:G,DNMT3A,Trilaciclib,false,0,8e-04,8e-04,0.001497,0.0015215,false,false,true,false,67,67.4,67.8579234972678,68.0245901639344,TRUE,Non-DDR,Non-Splice,DTA,DTA,146.100000000002,0,0.000697,C1D1vsC7D1
1128002 chr2:25240699:A:G,1128002,chr2:25240699:A:G,DNMT3A,Trilaciclib,true,0,0.001666,0,0.001744,0,false,false,false,false,64,,64.6333333333334,,TRUE,Non-DDR,Non-Splice,DTA,DTA,231.325000000002,0.000197798689039821,7.80000000000002e-05,C1D1vsMaintenance
1137001 chr2:25240713:TG:T,1137001,chr2:25240713:TG:T,DNMT3A,Placebo,false,0,0.0011965,0.00038,0.000279642,0.000290529,false,false,false,true,86,86.4,86.6284153005465,86.7950819672131,TRUE,Non-DDR,Non-Splice,DTA,DTA,146.100000000002,-0.00785068209875414,-0.000916858,C1D1vsC7D1
1111003 chr2:25240715:G:A,1111003,chr2:25240715:G:A,DNMT3A,Trilaciclib,true,0,0.001874,0.001,8e-04,0.0012695,false,false,false,false,55,55.4,56.6612021857924,56.827868852459,TRUE,Non-DDR,Non-Splice,DTA,DTA,146.099999999999,-0.00429894034097353,-0.001074,C1D1vsC7D1
1117006 chr2:25240720:C:G,1117006,chr2:25240720:C:G,DNMT3A,Trilaciclib,true,0,0.0016,0,0.002783,0,false,false,false,false,61,,61.5765027322404,,TRUE,Non-DDR,Non-Splice,DTA,DTA,210.567622950819,0.00262873202224115,0.001183,C1D1vsMaintenance
1114002 chr2:25241573:T:C,1114002,chr2:25241573:T:C,DNMT3A,Placebo,false,0,0.0013,0.0020055,0,0,false,false,true,false,72,72.4,,,TRUE,Non-DDR,Non-Splice,DTA,DTA,146.100000000002,0.00296734525503404,0.0007055,C1D1vsC7D1
1148003 chr2:25241594:C:A,1148003,chr2:25241594:C:A,DNMT3A,Trilaciclib,true,0,0.011325,0.00942966666666667,0.00843233333333333,0.010125,false,false,false,false,55,55.4,55.9726775956284,56.1393442622951,TRUE,Non-DDR,Non-Splice,DTA,DTA,146.099999999999,-0.00125360659499016,-0.00289266666666667,C1D1vsC7D1
1131014 chr2:25241615:G:A,1131014,chr2:25241615:G:A,DNMT3A,Trilaciclib,true,0,0.003247,0.0011,5e-04,6e-04,false,false,false,false,69,69.4,69.6284153005465,69.7950819672131,TRUE,Non-DDR,Non-Splice,DTA,DTA,146.100000000002,-0.00740877011167946,-0.002747,C1D1vsC7D1
1166001 chr2:25241656:G:C,1166001,chr2:25241656:G:C,DNMT3A,Trilaciclib,true,0,0.001819,0.00282066666666667,0.0042565,0.003892,false,false,false,false,45,45.4,45.3989071038251,45.5655737704918,TRUE,Non-DDR,Non-Splice,DTA,DTA,146.099999999999,0.00300264451809571,0.0024375,C1D1vsC7D1
1114002 chr2:25241669:G:A,1114002,chr2:25241669:G:A,DNMT3A,Placebo,false,0,0.00018205,0.0012,0,0,false,false,false,true,72,72.4,,,TRUE,Non-DDR,Non-Splice,DTA,DTA,146.100000000002,0.0129075664692308,0.00101795,C1D1vsC7D1
1148001 chr2:25241699:C:G,1148001,chr2:25241699:C:G,DNMT3A,Trilaciclib,true,0,6e-04,0.001111,8e-04,7e-04,false,false,false,false,74,74.4,74.7431693989071,74.9098360655738,TRUE,Non-DDR,Non-Splice,DTA,DTA,146.100000000002,0.00421687977018121,2e-04,C1D1vsC7D1
1156003 chr2:25243919:G:T,1156003,chr2:25243919:G:T,DNMT3A,Trilaciclib,true,0,0.001,0,0.001179,7e-04,false,false,false,false,53,,53.2841530054645,53.4508196721312,TRUE,Non-DDR,Non-Splice,DTA,DTA,103.786885245902,0.00158658409648858,0.000179,C1D1vsMaintenance
1156005 chr2:25243931:G:A,1156005,chr2:25243931:G:A,DNMT3A,Trilaciclib,true,0,0.0051615,0.00226,0.0021995,0,false,false,false,false,58,58.4,58.4617486338798,,TRUE,Non-DDR,Non-Splice,DTA,DTA,146.099999999999,-0.00565272020287006,-0.002962,C1D1vsC7D1
1166001 chr2:25243931:G:A,1166001,chr2:25243931:G:A,DNMT3A,Trilaciclib,false,0,0.00071885,0.001062,0.0010945,6e-04,false,false,true,true,45,45.4,45.3989071038251,45.5655737704918,TRUE,Non-DDR,Non-Splice,DTA,DTA,146.099999999999,0.00267116008852351,0.00037565,C1D1vsC7D1
1017002 chr2:25244214:G:A,1017002,chr2:25244214:G:A,DNMT3A,Placebo,true,0,0.0993966666666667,0.0878623333333333,0,0,false,false,false,false,62,62.4,,,TRUE,Non-DDR,Non-Splice,DTA,DTA,146.099999999999,-0.000844266823838043,-0.0115343333333334,C1D1vsC7D1
1122002 chr2:25244226:GC:G,1122002,chr2:25244226:GC:G,DNMT3A,Trilaciclib,true,0,0.0154985,0.020681,0.0349276666666667,0,false,false,false,false,65,65.4,65.5765027322405,,TRUE,Non-DDR,Non-Splice,DTA,DTA,146.100000000002,0.00197448432116227,0.0194291666666667,C1D1vsC7D1
1111003 chr2:25244248:G:T,1111003,chr2:25244248:G:T,DNMT3A,Trilaciclib,true,0,8e-04,0.001,0.0011835,0.0011905,false,false,false,false,55,55.4,56.6612021857924,56.827868852459,TRUE,Non-DDR,Non-Splice,DTA,DTA,146.099999999999,0.00152733436902266,0.0003835,C1D1vsC7D1
1117006 chr2:25244248:G:T,1117006,chr2:25244248:G:T,DNMT3A,Trilaciclib,true,0,0.0010775,0,0.0017595,0,false,false,false,false,61,,61.5765027322404,,TRUE,Non-DDR,Non-Splice,DTA,DTA,210.567622950819,0.00232887719351932,0.000682,C1D1vsMaintenance
1164001 chr2:25244265:A:T,1164001,chr2:25244265:A:T,DNMT3A,Trilaciclib,true,0,0.0013175,0.001376,0.0013455,9e-04,false,false,false,false,69,69.4,69.3989071038251,69.5655737704918,TRUE,Non-DDR,Non-Splice,DTA,DTA,146.100000000002,0.000297363025857433,2.79999999999998e-05,C1D1vsC7D1
1111003 chr2:25244558:C:A,1111003,chr2:25244558:C:A,DNMT3A,Trilaciclib,true,0,8e-04,5e-04,0.001284,8e-04,false,false,false,false,55,55.4,56.6612021857924,56.827868852459,TRUE,Non-DDR,Non-Splice,DTA,DTA,146.099999999999,-0.00321699951571347,0.000484,C1D1vsC7D1
1137001 chr2:25244559:C:T,1137001,chr2:25244559:C:T,DNMT3A,Placebo,true,0,0.0012,0.002277,0.0029745,0.001491,false,false,false,false,86,86.4,86.6284153005465,86.7950819672131,TRUE,Non-DDR,Non-Splice,DTA,DTA,146.100000000002,0.00438423840032607,0.0017745,C1D1vsC7D1
1137001 chr2:25244610:A:G,1137001,chr2:25244610:A:G,DNMT3A,Placebo,false,0,5e-04,7e-04,0.0018285,0.001995,false,false,true,false,86,86.4,86.6284153005465,86.7950819672131,TRUE,Non-DDR,Non-Splice,DTA,DTA,146.100000000002,0.00230302694470368,0.0013285,C1D1vsC7D1
1131010 chr2:25245267:A:G,1131010,chr2:25245267:A:G,DNMT3A,Trilaciclib,false,0,6e-04,0.002031,0,0,false,false,true,false,53,53.4,,,TRUE,Non-DDR,Non-Splice,DTA,DTA,146.099999999999,0.00834602263082986,0.001431,C1D1vsC7D1
1156005 chr2:25245267:A:T,1156005,chr2:25245267:A:T,DNMT3A,Trilaciclib,true,0,0.084934,0.125621333333333,0.148119,0,false,false,false,false,58,58.4,58.4617486338798,,TRUE,Non-DDR,Non-Splice,DTA,DTA,146.099999999999,0.00267897061395189,0.063185,C1D1vsC7D1
1123005 chr2:25246213:T:C,1123005,chr2:25246213:T:C,DNMT3A,Placebo,false,0,5e-04,0.0017185,7e-04,0,false,false,true,false,54,54.4,54.5765027322404,,TRUE,Non-DDR,Non-Splice,DTA,DTA,146.099999999999,0.00845036959526147,2e-04,C1D1vsC7D1
1156005 chr2:25246270:C:T,1156005,chr2:25246270:C:T,DNMT3A,Trilaciclib,false,0,0.0010955,4e-04,0.000902,0,false,false,true,false,58,58.4,58.4617486338798,,TRUE,Non-DDR,Non-Splice,DTA,DTA,146.099999999999,-0.00689597270313171,-0.0001935,C1D1vsC7D1
1156003 chr2:25246660:G:GC,1156003,chr2:25246660:G:GC,DNMT3A,Trilaciclib,true,0,0.002443,0,0.00285066666666667,0.003856,false,false,false,false,53,,53.2841530054645,53.4508196721312,TRUE,Non-DDR,Non-Splice,DTA,DTA,103.786885245902,0.00148695177057668,0.00040766666666667,C1D1vsMaintenance
1131005 chr2:25246662:C:G,1131005,chr2:25246662:C:G,DNMT3A,Placebo,true,0,0.001663,0.0012,0,0,false,false,false,false,57,57.4,,,TRUE,Non-DDR,Non-Splice,DTA,DTA,146.099999999999,-0.00223341302817822,-0.000463,C1D1vsC7D1
1133002 chr2:25246674:A:G,1133002,chr2:25246674:A:G,DNMT3A,Trilaciclib,true,0,0.0015315,0.0025075,0.002389,0.0020995,false,false,false,false,66,66.4,66.8579234972678,67.0245901639344,TRUE,Non-DDR,Non-Splice,DTA,DTA,146.100000000002,0.00337466525368415,0.0008575,C1D1vsC7D1
1163005 chr2:25246772:G:A,1163005,chr2:25246772:G:A,DNMT3A,Trilaciclib,false,0,0.001621,8e-04,7e-04,4e-04,false,false,true,false,48,48.4,48.7431693989071,48.9098360655738,TRUE,Non-DDR,Non-Splice,DTA,DTA,146.099999999999,-0.00483358517500172,-0.000921,C1D1vsC7D1
1111003 chr2:25247071:CT:C,1111003,chr2:25247071:CT:C,DNMT3A,Trilaciclib,true,0,0.0019205,0.000617,0.000508,0.00057,false,false,false,false,55,55.4,56.6612021857924,56.827868852459,TRUE,Non-DDR,Non-Splice,DTA,DTA,146.099999999999,-0.00777188106694439,-0.0014125,C1D1vsC7D1
1130001 chr2:25247107:G:A,1130001,chr2:25247107:G:A,DNMT3A,Trilaciclib,true,0,0.002181,0.00246,0.002127,0.002701,false,false,false,false,44,44.4,44.3989071038251,44.5655737704918,TRUE,Non-DDR,Non-Splice,DTA,DTA,146.099999999999,0.000823941565535795,-5.40000000000002e-05,C1D1vsC7D1
1165001 chr2:25247120:G:T,1165001,chr2:25247120:G:T,DNMT3A,Trilaciclib,true,0,5e-04,9e-04,0.0016175,0.001326,false,false,false,false,67,67.4,67.8579234972678,68.0245901639344,TRUE,Non-DDR,Non-Splice,DTA,DTA,146.100000000002,0.00402318045791999,0.0011175,C1D1vsC7D1
1164001 chr2:25247142:A:T,1164001,chr2:25247142:A:T,DNMT3A,Trilaciclib,true,0,0.0011305,0.000861,0.0008435,0.0010005,false,false,false,false,69,69.4,69.3989071038251,69.5655737704918,TRUE,Non-DDR,Non-Splice,DTA,DTA,146.100000000002,-0.00186393420458788,-0.000287,C1D1vsC7D1
1111005 chr2:25247624:C:T,1111005,chr2:25247624:C:T,DNMT3A,Placebo,true,0,0.0130853333333333,0.005881,0.010783,0,false,false,false,false,48,48.4,48.8060109289618,,TRUE,Non-DDR,Non-Splice,DTA,DTA,146.099999999999,-0.00547409441917641,-0.0023023333333333,C1D1vsC7D1
1156003 chr2:25247664:C:T,1156003,chr2:25247664:C:T,DNMT3A,Trilaciclib,true,0,0.0019885,0,0.002166,0.001631,false,false,false,false,53,,53.2841530054645,53.4508196721312,TRUE,Non-DDR,Non-Splice,DTA,DTA,103.786885245902,0.000823818565424832,0.0001775,C1D1vsMaintenance
1114002 chr2:197401986:T:C,1114002,chr2:197401986:T:C,SF3B1,Placebo,true,0,7e-04,0.002375,0,0,false,false,false,false,72,72.4,,,TRUE,Non-DDR,Splice,Non-DTA,Splice,146.100000000002,0.00836189172775715,0.001675,C1D1vsC7D1
1163005 chr20:32429916:A:GCTCT,1163005,chr20:32429916:A:GCTCT,ASXL1,Trilaciclib,false,0,2.47537006782514e-05,1.71850833476542e-05,0.0024,1.10299794842382e-05,false,true,false,false,48,48.4,48.7431693989071,48.9098360655738,TRUE,Non-DDR,Non-Splice,DTA,DTA,146.099999999999,-0.0024978318951224,0.00237524629932175,C1D1vsC7D1
1131014 chr20:32434553:TC:T,1131014,chr20:32434553:TC:T,ASXL1,Trilaciclib,false,0,0.000436586,4.18865711652844e-05,7.19942e-05,0.000112215,true,true,true,false,69,69.4,69.6284153005465,69.7950819672131,TRUE,Non-DDR,Non-Splice,DTA,DTA,146.100000000002,-0.0160439431849974,-0.0003645918,C1D1vsC7D1
1131013 chr20:32434638:A:AG,1131013,chr20:32434638:A:AG,ASXL1,Placebo,true,0,0.363134333333333,0.356199666666667,0.384229666666667,0,false,false,false,false,82,82.4,83.0355191256831,,TRUE,Non-DDR,Non-Splice,DTA,DTA,146.100000000002,-0.000131973956439692,0.021095333333334,C1D1vsC7D1
1131013 chr20:32434638:A:AN,1131013,chr20:32434638:A:AN,ASXL1,Placebo,false,0,0.001975,0.00121601,0.002312,0,false,false,false,true,82,82.4,83.0355191256831,,TRUE,Non-DDR,Non-Splice,DTA,DTA,146.100000000002,-0.00331959884434433,0.000337,C1D1vsC7D1
1166001 chr20:32434921:GT:G,1166001,chr20:32434921:GT:G,ASXL1,Trilaciclib,true,0,3e-04,0.001109,3e-04,0.000804,false,false,false,false,45,45.4,45.3989071038251,45.5655737704918,TRUE,Non-DDR,Non-Splice,DTA,DTA,146.099999999999,0.00894888099037762,0,C1D1vsC7D1
1131004 chr20:32435100:G:A,1131004,chr20:32435100:G:A,ASXL1,Trilaciclib,false,0,0.0020625,0,5.82614775110697e-05,3e-04,false,true,true,false,68,,68.2841530054645,68.4508196721312,TRUE,Non-DDR,Non-Splice,DTA,DTA,103.7868852459,-0.0343659316676227,-0.00200423852248893,C1D1vsMaintenance
1131011 chr20:32435518:AC:A,1131011,chr20:32435518:AC:A,ASXL1,Trilaciclib,false,0,0.000219753,3.03656e-05,0.001182,0,false,false,false,true,59,59.4,60.0355191256831,,TRUE,Non-DDR,Non-Splice,DTA,DTA,146.099999999999,-0.0135468432553271,0.000962247,C1D1vsC7D1
1128002 chr20:32436463:C:T,1128002,chr20:32436463:C:T,ASXL1,Trilaciclib,true,0,0.001976,0,0.00220366666666667,0,false,false,false,false,64,,64.6333333333334,,TRUE,Non-DDR,Non-Splice,DTA,DTA,231.325000000002,0.000471406204939612,0.00022766666666667,C1D1vsMaintenance
1123005 chr22:28687961:CG:C,1123005,chr22:28687961:CG:C,CHEK2,Placebo,false,0,0.000636708,0.00455525,0.0053491,0,true,false,false,false,54,54.4,54.5765027322404,,TRUE,DDR,Non-Splice,Non-DTA,DDR,146.099999999999,0.0134683404599505,0.004712392,C1D1vsC7D1
1156004 chr22:28695146:C:T,1156004,chr22:28695146:C:T,CHEK2,Trilaciclib,false,0,3e-04,8e-04,0.0016,0.0019,false,false,true,false,51,51.4,51.6284153005465,51.7950819672131,TRUE,DDR,Non-Splice,Non-DTA,DDR,146.099999999999,0.00671341035600089,0.0013,C1D1vsC7D1
1128002 chr22:28695146:C:T,1128002,chr22:28695146:C:T,CHEK2,Trilaciclib,true,0,0.00066915,0,0.0015,0,false,false,false,false,64,,64.6333333333334,,TRUE,DDR,Non-Splice,Non-DTA,DDR,231.325000000002,0.00348951534355521,0.00083085,C1D1vsMaintenance
1114002 chr22:28695810:T:C,1114002,chr22:28695810:T:C,CHEK2,Placebo,false,0,8e-04,0.0019855,0,0,false,false,true,false,72,72.4,,,TRUE,DDR,Non-Splice,Non-DTA,DDR,146.100000000002,0.00622186394868834,0.0011855,C1D1vsC7D1
1148005 chr22:28695810:T:C,1148005,chr22:28695810:T:C,CHEK2,Placebo,false,0,0.0014,0.001915,0.0014,0.001,false,false,true,false,64,64.4,64.3989071038251,64.5655737704918,TRUE,DDR,Non-Splice,Non-DTA,DDR,146.100000000002,0.00214404781664197,0,C1D1vsC7D1
1131004 chr22:28699856:CT:C,1131004,chr22:28699856:CT:C,CHEK2,Trilaciclib,false,0,0.000233399,0,0.00180397,0.00143487,true,false,false,false,68,,68.2841530054645,68.4508196721312,TRUE,DDR,Non-Splice,Non-DTA,DDR,103.7868852459,0.0197037962029042,0.001570571,C1D1vsMaintenance
1113004 chr22:28699930:C:T,1113004,chr22:28699930:C:T,CHEK2,Trilaciclib,true,0,7e-04,7e-04,0.001,0,false,false,false,false,44,44.4,44.4617486338798,,TRUE,DDR,Non-Splice,Non-DTA,DDR,146.099999999999,0,3e-04,C1D1vsC7D1
1131004 chr22:28703561:G:T,1131004,chr22:28703561:G:T,CHEK2,Trilaciclib,true,0,7e-04,0,0.0015,7e-04,false,false,false,false,68,,68.2841530054645,68.4508196721312,TRUE,DDR,Non-Splice,Non-DTA,DDR,103.7868852459,0.00734331751300927,8e-04,C1D1vsMaintenance
1165001 chr22:28710045:A:AT,1165001,chr22:28710045:A:AT,CHEK2,Trilaciclib,false,0,0.000121436,0.000196287,0.00143935,0.00219816,true,false,true,true,67,67.4,67.8579234972678,68.0245901639344,TRUE,DDR,Non-Splice,Non-DTA,DDR,146.100000000002,0.00328672483843552,0.001317914,C1D1vsC7D1
1130001 chr22:28712015:C:T,1130001,chr22:28712015:C:T,CHEK2,Trilaciclib,false,0,0.00211659,0.000760189,0.00103911,0.000347936,true,false,true,true,44,44.4,44.3989071038251,44.5655737704918,TRUE,DDR,Non-Splice,Non-DTA,DDR,146.099999999999,-0.00700886033891925,-0.00107748,C1D1vsC7D1
1117002 chr22:28712016:C:T,1117002,chr22:28712016:C:T,CHEK2,Trilaciclib,false,0,4e-04,0.001,0,0,false,false,true,false,72,72.4,,,TRUE,DDR,Non-Splice,Non-DTA,DDR,146.100000000002,0.00627166825375867,6e-04,C1D1vsC7D1
1130001 chr22:28724993:TG:T,1130001,chr22:28724993:TG:T,CHEK2,Trilaciclib,false,0,0.000122234,0.001001,0.001293,0.001329,false,false,false,true,44,44.4,44.3989071038251,44.5655737704918,TRUE,DDR,Non-Splice,Non-DTA,DDR,146.099999999999,0.0143930016349849,0.001170766,C1D1vsC7D1
1133002 chr22:28725003:A:G,1133002,chr22:28725003:A:G,CHEK2,Trilaciclib,true,0,0.0017085,0.0026735,0.0026765,0.0023195,false,false,false,false,66,66.4,66.8579234972678,67.0245901639344,TRUE,DDR,Non-Splice,Non-DTA,DDR,146.100000000002,0.00306483698037942,0.000968,C1D1vsC7D1
1114002 chr22:28725090:A:G,1114002,chr22:28725090:A:G,CHEK2,Placebo,false,0,9.04977375565611e-05,0.001161,0,0,false,true,false,false,72,72.4,,,TRUE,DDR,Non-Splice,Non-DTA,DDR,146.100000000002,0.0174655176637884,0.00107050226244344,C1D1vsC7D1
1156002 chr22:28725090:A:G,1156002,chr22:28725090:A:G,CHEK2,Trilaciclib,true,0,2e-04,0.0011785,0,0,false,false,false,false,34,34.4,,,TRUE,DDR,Non-Splice,Non-DTA,DDR,146.099999999999,0.0121401803958122,0.0009785,C1D1vsC7D1
1156001 chr22:28725101:G:T,1156001,chr22:28725101:G:T,CHEK2,Placebo,true,0,0.0255453333333333,0.057024,0.160381333333333,0.105374,false,false,false,false,51,51.4,51.5136612021858,51.6803278688525,TRUE,DDR,Non-Splice,Non-DTA,DDR,146.099999999999,0.00549635578564485,0.134836,C1D1vsC7D1
1133002 chr22:28725107:GT:G,1133002,chr22:28725107:GT:G,CHEK2,Trilaciclib,false,0,0.0016,9e-04,7e-04,7e-04,false,false,true,false,66,66.4,66.8579234972678,67.0245901639344,TRUE,DDR,Non-Splice,Non-DTA,DDR,146.100000000002,-0.00393815294252946,-9e-04,C1D1vsC7D1
1148001 chr22:28725278:G:A,1148001,chr22:28725278:G:A,CHEK2,Trilaciclib,true,0,0.001817,0.006546,0.007771,0.00786,false,false,false,false,74,74.4,74.7431693989071,74.9098360655738,TRUE,DDR,Non-Splice,Non-DTA,DDR,146.100000000002,0.00877253515855535,0.005954,C1D1vsC7D1
1156001 chr22:28725337:C:T,1156001,chr22:28725337:C:T,CHEK2,Placebo,true,0,6e-04,7e-04,0.001429,0.000886,false,false,false,false,51,51.4,51.5136612021858,51.6803278688525,TRUE,DDR,Non-Splice,Non-DTA,DDR,146.099999999999,0.00105510390025502,0.000829,C1D1vsC7D1
1111001 chr22:28734439:G:A,1111001,chr22:28734439:G:A,CHEK2,Trilaciclib,true,0,0.001415,0.00538,0.004877,0,false,false,false,false,47,47.4,47.4617486338798,,TRUE,DDR,Non-Splice,Non-DTA,DDR,146.099999999999,0.00914140207445925,0.003462,C1D1vsC7D1
1156001 chr22:28734475:G:A,1156001,chr22:28734475:G:A,CHEK2,Placebo,false,0,6e-04,0.000846,0.0010615,7e-04,false,false,true,false,51,51.4,51.5136612021858,51.6803278688525,TRUE,DDR,Non-Splice,Non-DTA,DDR,146.099999999999,0.00235174335653715,0.0004615,C1D1vsC7D1
1156004 chr22:28734490:G:A,1156004,chr22:28734490:G:A,CHEK2,Trilaciclib,false,0,3e-04,7e-04,0.000907,0.0013985,false,false,true,false,51,51.4,51.6284153005465,51.7950819672131,TRUE,DDR,Non-Splice,Non-DTA,DDR,146.099999999999,0.00579943778499115,0.000607,C1D1vsC7D1
1131004 chr22:28734538:A:AG,1131004,chr22:28734538:A:AG,CHEK2,Trilaciclib,true,0,0.0031885,0,0.0054855,0.0045635,false,false,false,false,68,,68.2841530054645,68.4508196721312,TRUE,DDR,Non-Splice,Non-DTA,DDR,103.7868852459,0.00522761290327532,0.002297,C1D1vsMaintenance
1131005 chr4:105234210:CA:C,1131005,chr4:105234210:CA:C,TET2,Placebo,true,0,0.0011,0.000874,0,0,false,false,false,false,57,57.4,,,TRUE,Non-DDR,Non-Splice,DTA,DTA,146.099999999999,-0.00157416210219663,-0.000226,C1D1vsC7D1
1148003 chr4:105234308:AC:A,1148003,chr4:105234308:AC:A,TET2,Trilaciclib,true,0,0.0012085,0.0008385,0.000936,0.0013445,false,false,false,false,55,55.4,55.9726775956284,56.1393442622951,TRUE,Non-DDR,Non-Splice,DTA,DTA,146.099999999999,-0.00250185228528594,-0.0002725,C1D1vsC7D1
1123005 chr4:105234763:TC:T,1123005,chr4:105234763:TC:T,TET2,Placebo,false,0,0.001014,0.0006835,0.000268871,0,false,false,false,true,54,54.4,54.5765027322404,,TRUE,Non-DDR,Non-Splice,DTA,DTA,146.099999999999,-0.00269973667342317,-0.000745129,C1D1vsC7D1
1017002 chr4:105235163:T:TC,1017002,chr4:105235163:T:TC,TET2,Placebo,true,0,0.000751,0.00149133333333333,0,0,false,false,false,false,62,62.4,,,TRUE,Non-DDR,Non-Splice,DTA,DTA,146.099999999999,0.00469555237246975,0.00074033333333333,C1D1vsC7D1
1131011 chr4:105235662:C:T,1131011,chr4:105235662:C:T,TET2,Trilaciclib,false,0,0.00169233333333333,5e-04,4e-04,0,false,false,true,false,59,59.4,60.0355191256831,,TRUE,Non-DDR,Non-Splice,DTA,DTA,146.099999999999,-0.00834534858218409,-0.00129233333333333,C1D1vsC7D1
1131005 chr4:105235778:T:TG,1131005,chr4:105235778:T:TG,TET2,Placebo,true,0,0.003723,0.0022795,0,0,false,false,false,false,57,57.4,,,TRUE,Non-DDR,Non-Splice,DTA,DTA,146.099999999999,-0.00335779380026846,-0.0014435,C1D1vsC7D1
1114002 chr4:105235803:AC:A,1114002,chr4:105235803:AC:A,TET2,Placebo,false,0,3e-04,0.001743,0,0,false,false,true,false,72,72.4,,,TRUE,Non-DDR,Non-Splice,DTA,DTA,146.100000000002,0.0120436726274045,0.001443,C1D1vsC7D1
1114002 chr4:105235920:G:GT,1114002,chr4:105235920:G:GT,TET2,Placebo,false,0,0.00260349,0.000153186,0,0,true,false,false,false,72,72.4,,,TRUE,Non-DDR,Non-Splice,DTA,DTA,146.100000000002,-0.0193905219869509,-0.002450304,C1D1vsC7D1
1137001 chr4:105236172:C:T,1137001,chr4:105236172:C:T,TET2,Placebo,true,0,6e-04,7e-04,0.001105,0.001505,false,false,false,false,86,86.4,86.6284153005465,86.7950819672131,TRUE,Non-DDR,Non-Splice,DTA,DTA,146.100000000002,0.001055103900255,0.000505,C1D1vsC7D1
1114002 chr4:105236274:C:T,1114002,chr4:105236274:C:T,TET2,Placebo,false,0,3e-04,0.0012,0,0,false,false,true,false,72,72.4,,,TRUE,Non-DDR,Non-Splice,DTA,DTA,146.100000000002,0.00948866776947208,9e-04,C1D1vsC7D1
1123005 chr4:105236279:TA:T,1123005,chr4:105236279:TA:T,TET2,Placebo,false,0,0.000488199,0.0011,7e-04,0,false,false,false,true,54,54.4,54.5765027322404,,TRUE,Non-DDR,Non-Splice,DTA,DTA,146.099999999999,0.00556018035024331,0.000211801,C1D1vsC7D1
1131013 chr4:105236289:GA:G,1131013,chr4:105236289:GA:G,TET2,Placebo,false,0,0.00121,3e-04,0.000308,0,false,false,true,false,82,82.4,83.0355191256831,,TRUE,Non-DDR,Non-Splice,DTA,DTA,146.100000000002,-0.00954546997901825,-0.000902,C1D1vsC7D1
1131005 chr4:105236310:C:T,1131005,chr4:105236310:C:T,TET2,Placebo,true,0,0.003098,0.00242,0,0,false,false,false,false,57,57.4,,,TRUE,Non-DDR,Non-Splice,DTA,DTA,146.099999999999,-0.00169054895158168,-0.000678,C1D1vsC7D1
1148001 chr4:105236688:C:T,1148001,chr4:105236688:C:T,TET2,Trilaciclib,false,0,0.0010825,5e-04,5e-04,7e-04,false,false,true,false,74,74.4,74.7431693989071,74.9098360655738,TRUE,Non-DDR,Non-Splice,DTA,DTA,146.100000000002,-0.00528692923651227,-0.0005825,C1D1vsC7D1
1156005 chr4:105236765:T:TC,1156005,chr4:105236765:T:TC,TET2,Trilaciclib,true,0,0.0014215,0.000388,0.000429,0,false,false,false,false,58,58.4,58.4617486338798,,TRUE,Non-DDR,Non-Splice,DTA,DTA,146.099999999999,-0.00888749207027916,-0.0009925,C1D1vsC7D1
1111004 chr4:105236769:C:T,1111004,chr4:105236769:C:T,TET2,Trilaciclib,false,0,0.00252358,0.00111146,0.0067403,0,true,false,false,false,48,48.4,48.5765027322404,,TRUE,Non-DDR,Non-Splice,DTA,DTA,146.099999999999,-0.00561262191599405,0.00421672,C1D1vsC7D1
1122001 chr4:105236769:C:T,1122001,chr4:105236769:C:T,TET2,Trilaciclib,false,0,0.00232595,0.00633387,0.00336916,0.00241259,true,false,false,false,42,42.4,43.8907103825137,44.0573770491803,TRUE,Non-DDR,Non-Splice,DTA,DTA,146.099999999999,0.00685683002064165,0.00104321,C1D1vsC7D1
1137001 chr4:105236950:G:A,1137001,chr4:105236950:G:A,TET2,Placebo,false,0,0.001,3e-04,2.54065040650407e-05,0.000177043,false,true,true,true,86,86.4,86.6284153005465,86.7950819672131,TRUE,Non-DDR,Non-Splice,DTA,DTA,146.100000000002,-0.0082407447250234,-0.000974593495934959,C1D1vsC7D1
1114002 chr4:105237042:C:T,1114002,chr4:105237042:C:T,TET2,Placebo,false,0,0.0001295,0.0017,0,0,false,false,false,true,72,72.4,,,TRUE,Non-DDR,Non-Splice,DTA,DTA,146.100000000002,0.017622879184837,0.0015705,C1D1vsC7D1
1163006 chr4:105237159:G:T,1163006,chr4:105237159:G:T,TET2,Placebo,false,0,0.0014,9.18081e-05,5.72043e-05,6.74432e-05,false,false,false,true,52,52.4,53.0874316939891,53.2540983606558,TRUE,Non-DDR,Non-Splice,DTA,DTA,146.099999999999,-0.0186483708868946,-0.0013427957,C1D1vsC7D1
1114002 chr4:105241366:CT:C,1114002,chr4:105241366:CT:C,TET2,Placebo,true,0,0.0013965,0.001613,0,0,false,false,false,false,72,72.4,,,TRUE,Non-DDR,Non-Splice,DTA,DTA,146.100000000002,0.00098649344791222,0.0002165,C1D1vsC7D1
1116001 chr4:105243621:C:T,1116001,chr4:105243621:C:T,TET2,Trilaciclib,false,0,6e-04,7e-04,0.001233,0,false,false,true,false,66,66.4,66.6912568306011,,TRUE,Non-DDR,Non-Splice,DTA,DTA,146.100000000002,0.001055103900255,0.000633,C1D1vsC7D1
1111005 chr4:105243637:G:A,1111005,chr4:105243637:G:A,TET2,Placebo,false,0,0.0012215,0.001058,0.000135135,0,false,false,false,true,48,48.4,48.8060109289618,,TRUE,Non-DDR,Non-Splice,DTA,DTA,146.099999999999,-0.000983567955369959,-0.001086365,C1D1vsC7D1
1133002 chr4:105243637:G:A,1133002,chr4:105243637:G:A,TET2,Trilaciclib,false,0,0.0011,0.00135,8e-04,0.0011,false,false,true,false,66,66.4,66.8579234972678,67.0245901639344,TRUE,Non-DDR,Non-Splice,DTA,DTA,146.100000000002,0.00140174135965784,-3e-04,C1D1vsC7D1
1131005 chr4:105243757:G:A,1131005,chr4:105243757:G:A,TET2,Placebo,true,0,0.001594,0.001324,0,0,false,false,false,false,57,57.4,,,TRUE,Non-DDR,Non-Splice,DTA,DTA,146.099999999999,-0.00127028831521702,-0.00027,C1D1vsC7D1
1131013 chr4:105261816:A:T,1131013,chr4:105261816:A:T,TET2,Placebo,false,0,0.001,0.001,9e-04,0,false,false,true,false,82,82.4,83.0355191256831,,TRUE,Non-DDR,Non-Splice,DTA,DTA,146.100000000002,0,-1e-04,C1D1vsC7D1
1122002 chr4:105261826:C:T,1122002,chr4:105261826:C:T,TET2,Trilaciclib,false,0,0.001303,6e-04,7e-04,0,false,false,true,false,65,65.4,65.5765027322405,,TRUE,Non-DDR,Non-Splice,DTA,DTA,146.100000000002,-0.00530797345591162,-0.000603,C1D1vsC7D1
1165001 chr4:105261826:C:T,1165001,chr4:105261826:C:T,TET2,Trilaciclib,false,0,6e-04,0.000888566,4e-04,0.0011,false,false,true,true,67,67.4,67.8579234972678,68.0245901639344,TRUE,Non-DDR,Non-Splice,DTA,DTA,146.100000000002,0.00268774313564914,-2e-04,C1D1vsC7D1
1131005 chr4:105269692:A:G,1131005,chr4:105269692:A:G,TET2,Placebo,false,0,6e-04,0.001664,0,0,false,false,true,false,57,57.4,,,TRUE,Non-DDR,Non-Splice,DTA,DTA,146.099999999999,0.00698186150694737,0.001064,C1D1vsC7D1
1114002 chr4:105272637:CT:C,1114002,chr4:105272637:CT:C,TET2,Placebo,true,0,0.0026645,0.000602,0,0,false,false,false,false,72,72.4,,,TRUE,Non-DDR,Non-Splice,DTA,DTA,146.100000000002,-0.010181480194579,-0.0020625,C1D1vsC7D1
1164001 chr4:105275054:T:A,1164001,chr4:105275054:T:A,TET2,Trilaciclib,false,0,0.000247942,0.00073995,8e-04,0.001111,false,false,false,true,69,69.4,69.3989071038251,69.5655737704918,TRUE,Non-DDR,Non-Splice,DTA,DTA,146.100000000002,0.00748383140658919,0.000552058,C1D1vsC7D1
1156001 chr4:105275188:T:TA,1156001,chr4:105275188:T:TA,TET2,Placebo,false,0,0.0020428,0.000843259,0.000386872,0.000297619,true,false,false,false,51,51.4,51.5136612021858,51.6803278688525,TRUE,Non-DDR,Non-Splice,DTA,DTA,146.099999999999,-0.00605614338054268,-0.001655928,C1D1vsC7D1
1137001 chr4:105275304:T:G,1137001,chr4:105275304:T:G,TET2,Placebo,false,0,0.000575327,0.000342803,0.000976165,0.000798722,true,false,false,false,86,86.4,86.6284153005465,86.7950819672131,TRUE,Non-DDR,Non-Splice,DTA,DTA,146.100000000002,-0.003544028998354,0.000400838,C1D1vsC7D1
1131010 chr4:105275605:C:T,1131010,chr4:105275605:C:T,TET2,Trilaciclib,true,0,0.0108565,0.0286736666666667,0,0,false,false,false,false,53,53.4,,,TRUE,Non-DDR,Non-Splice,DTA,DTA,146.099999999999,0.00664760564593884,0.0178171666666667,C1D1vsC7D1
1131013 chr4:105275801:A:ATT,1131013,chr4:105275801:A:ATT,TET2,Placebo,true,0,0.00865233333333333,0.0023965,0.008545,0,false,false,false,false,82,82.4,83.0355191256831,,TRUE,Non-DDR,Non-Splice,DTA,DTA,146.100000000002,-0.00878726690259182,-0.000107333333333329,C1D1vsC7D1
1114002 chr4:105275857:C:T,1114002,chr4:105275857:C:T,TET2,Placebo,false,0,0.000619359,0.0023255,0,0,false,false,false,true,72,72.4,,,TRUE,Non-DDR,Non-Splice,DTA,DTA,146.100000000002,0.00905547759347007,0.001706141,C1D1vsC7D1
1111005 chr4:105276010:C:T,1111005,chr4:105276010:C:T,TET2,Placebo,false,0,0.002857,8e-04,3e-04,0,false,false,true,false,48,48.4,48.8060109289618,,TRUE,Non-DDR,Non-Splice,DTA,DTA,146.099999999999,-0.00871263295388673,-0.002557,C1D1vsC7D1
1114002 chr4:105276146:A:G,1114002,chr4:105276146:A:G,TET2,Placebo,false,0,7e-04,0.0028,0,0,false,false,true,false,72,72.4,,,TRUE,Non-DDR,Non-Splice,DTA,DTA,146.100000000002,0.00948866776947208,0.0021,C1D1vsC7D1
1128002 chr4:105276203:C:T,1128002,chr4:105276203:C:T,TET2,Trilaciclib,true,0,0.0014575,0,5e-04,0,false,false,false,false,64,,64.6333333333334,,TRUE,Non-DDR,Non-Splice,DTA,DTA,231.325000000002,-0.00462496409727632,-0.0009575,C1D1vsMaintenance
1114002 chr4:105276315:TG:T,1114002,chr4:105276315:TG:T,TET2,Placebo,false,0,0.000148677,0.0022985,0,0,false,false,false,true,72,72.4,,,TRUE,Non-DDR,Non-Splice,DTA,DTA,146.100000000002,0.0187422029266483,0.002149823,C1D1vsC7D1
1111004 chr4:105276348:CA:C,1111004,chr4:105276348:CA:C,TET2,Trilaciclib,false,0,0.0016975,8e-04,7e-04,0,false,false,true,false,48,48.4,48.5765027322404,,TRUE,Non-DDR,Non-Splice,DTA,DTA,146.099999999999,-0.00514921376978047,-0.0009975,C1D1vsC7D1
1123005 chr4:105276348:CA:C,1123005,chr4:105276348:CA:C,TET2,Placebo,true,0,0.0015,0.0019,6e-04,0,false,false,false,false,54,54.4,54.5765027322404,,TRUE,Non-DDR,Non-Splice,DTA,DTA,146.099999999999,0.00161799300523088,-9e-04,C1D1vsC7D1
1113004 chr17:7673782:T:C,1113004,chr17:7673782:T:C,TP53,Trilaciclib,true,0,0.00474766666666667,0.0108273333333333,0.0126983333333333,0,false,false,false,false,44,44.4,44.4617486338798,,TRUE,DDR,Non-Splice,Non-DTA,DDR,146.099999999999,0.00564285100479097,0.00795066666666663,C1D1vsC7D1
1130001 chr17:60663156:TGAAGAAA:T,1130001,chr17:60663156:TGAAGAAA:T,PPM1D,Trilaciclib,false,0,1.15966230633639e-05,0.000395,0.000285,0.001572,false,true,false,false,44,44.4,44.3989071038251,44.5655737704918,TRUE,DDR,Non-Splice,Non-DTA,DDR,146.099999999999,0.0241490200164157,0.000273403376936636,C1D1vsC7D1
1133002 chr17:60663274:AAGATGTC:A,1133002,chr17:60663274:AAGATGTC:A,PPM1D,Trilaciclib,false,0,0.000165017,0.00146478,0.00281545,0.00276469,true,false,false,false,66,66.4,66.8579234972678,67.0245901639344,TRUE,DDR,Non-Splice,Non-DTA,DDR,146.100000000002,0.0149446395662531,0.002650433,C1D1vsC7D1
1111004 chr17:60663280:TCAACTCCTGGCC:T,1111004,chr17:60663280:TCAACTCCTGGCC:T,PPM1D,Trilaciclib,false,0,2.41487563390485e-05,0.000518,0.001995,0,false,true,false,false,48,48.4,48.5765027322404,,TRUE,DDR,Non-Splice,Non-DTA,DDR,146.099999999999,0.0209838628393897,0.00197085124366095,C1D1vsC7D1
1130001 chr17:60663289:GGCCAAATGAAA:G,1130001,chr17:60663289:GGCCAAATGAAA:G,PPM1D,Trilaciclib,true,0,0.0011155,0.009567,0.010078,0.0143726666666667,false,false,false,false,44,44.4,44.3989071038251,44.5655737704918,TRUE,DDR,Non-Splice,Non-DTA,DDR,146.099999999999,0.0147092193142066,0.0089625,C1D1vsC7D1
1123005 chr2:25234303:CAGCGG:C,1123005,chr2:25234303:CAGCGG:C,DNMT3A,Placebo,true,0,0.005262,0.006774,0.0037165,0,false,false,false,false,54,54.4,54.5765027322404,,TRUE,Non-DDR,Non-Splice,DTA,DTA,146.099999999999,0.00172881979313812,-0.0015455,C1D1vsC7D1
1114002 chr2:25234303:CAGCGG:C,1114002,chr2:25234303:CAGCGG:C,DNMT3A,Placebo,true,0,0.002386,0.001176,0,0,false,false,false,false,72,72.4,,,TRUE,Non-DDR,Non-Splice,DTA,DTA,146.100000000002,-0.00484256998083011,-0.00121,C1D1vsC7D1
1122001 chr2:25240721:A:C,1122001,chr2:25240721:A:C,DNMT3A,Trilaciclib,false,0,0.00034125,6e-04,0.001363,0.002577,false,false,false,true,42,42.4,43.8907103825137,44.0573770491803,TRUE,Non-DDR,Non-Splice,DTA,DTA,146.099999999999,0.00386252093577672,0.00102175,C1D1vsC7D1
1130001 chr2:25243931:G:C,1130001,chr2:25243931:G:C,DNMT3A,Trilaciclib,false,0,0.000194951,7.20929e-05,0.000296894,0.00112058,true,false,false,true,44,44.4,44.3989071038251,44.5655737704918,TRUE,Non-DDR,Non-Splice,DTA,DTA,146.099999999999,-0.00680898480379911,0.000101943,C1D1vsC7D1
1137001 chr2:25244641:CAGAA:TAGAACTGCTTTCTGGAC,1137001,chr2:25244641:CAGAA:TAGAACTGCTTTCTGGAC,DNMT3A,Placebo,false,0,0.0011,1.93610842207164e-05,4.0472721385786e-05,1.96047678795483e-05,false,true,false,false,86,86.4,86.6284153005465,86.7950819672131,TRUE,Non-DDR,Non-Splice,DTA,DTA,146.100000000002,-0.0276509265939077,-0.00105952727861421,C1D1vsC7D1
1123005 chr2:197401989:C:T,1123005,chr2:197401989:C:T,SF3B1,Placebo,false,0,0.00511491,0.00462101,0.0028841,0,true,false,false,false,54,54.4,54.5765027322404,,TRUE,Non-DDR,Splice,Non-DTA,Splice,146.099999999999,-0.000695047967291761,-0.00223081,C1D1vsC7D1
1130001 chr2:197401989:C:T,1130001,chr2:197401989:C:T,SF3B1,Trilaciclib,false,0,0.00579592,0.00366019,0.00591048,0.00124681,true,false,true,false,44,44.4,44.3989071038251,44.5655737704918,TRUE,Non-DDR,Splice,Non-DTA,Splice,146.099999999999,-0.00314605861126976,0.00011456,C1D1vsC7D1
1156001 chr20:32435473:TCTGTTGAG:GCTGTCAAAT,1156001,chr20:32435473:TCTGTTGAG:GCTGTCAAAT,ASXL1,Placebo,false,0,0.0018,8.74309295656432e-06,1.10619469026549e-05,1.8326430377891e-05,false,true,false,false,51,51.4,51.5136612021858,51.6803278688525,TRUE,Non-DDR,Non-Splice,DTA,DTA,146.099999999999,-0.0364632301959548,-0.00178893805309735,C1D1vsC7D1
1122001 chr20:32435473:TCTGTTGAG:GCTGTCAAAT,1122001,chr20:32435473:TCTGTTGAG:GCTGTCAAAT,ASXL1,Trilaciclib,false,0,0.0021,4.55954769286887e-05,2.02519340597027e-05,1.64706657443094e-05,false,true,false,false,42,42.4,43.8907103825137,44.0573770491803,TRUE,Non-DDR,Non-Splice,DTA,DTA,146.099999999999,-0.0262141280100698,-0.0020797480659403,C1D1vsC7D1
1131015 chr4:105236247:CAGCAAAGAGA:C,1131015,chr4:105236247:CAGCAAAGAGA:C,TET2,Placebo,true,0,0.0011405,0.00064,0.0006535,0,false,false,false,false,41,41.4,41.8060109289617,,TRUE,Non-DDR,Non-Splice,DTA,DTA,146.099999999999,-0.00395450968768465,-0.000487,C1D1vsC7D1
1164001 chr4:105275493:TCCA:GACTG,1164001,chr4:105275493:TCCA:GACTG,TET2,Trilaciclib,false,0,0.0011,2.84300904076875e-05,2.0187338501292e-05,4.12133201450709e-05,false,true,false,false,69,69.4,69.3989071038251,69.5655737704918,TRUE,Non-DDR,Non-Splice,DTA,DTA,146.100000000002,-0.0250213371192228,-0.00107981266149871,C1D1vsC7D1
1117004 chr4:105275520:CAGTC:TGGA,1117004,chr4:105275520:CAGTC:TGGA,TET2,Trilaciclib,false,0,4.05219223599968e-05,0.0013,5.35503909178537e-05,0,false,true,false,false,64,64.4,64.4617486338798,,TRUE,Non-DDR,Non-Splice,DTA,DTA,146.100000000002,0.0237390583363709,1.30284685578569e-05,C1D1vsC7D1
